{"type":"FeatureCollection","source":"© OpenStreetMap contributors, ODbL","fetched":"2026-10-01T02:32:33Z","features":[{"type":"Feature","geometry":{"type":"Point","coordinates":[-73.78735,42.35827]},"properties":{"cat":"trailhead","name":"Ice House Road Lot"}},{"type":"Feature","geometry":{"type":"Point","coordinates":[-74.19712,42.18168]},"properties":{"cat":"trailhead","name":"Becker Hollow Trailhead"}},{"type":"Feature","geometry":{"type":"Point","coordinates":[-73.36456,42.25673]},"properties":{"cat":"fire","name":"Great Barrington Fire Department"}},{"type":"Feature","geometry":{"type":"Point","coordinates":[-73.42284,42.22648]},"properties":{"cat":"fire","name":"Alford Fire Department"}},{"type":"Feature","geometry":{"type":"Point","coordinates":[-73.37244,42.33905]},"properties":{"cat":"fire","name":"West Stockbridge Fire Department"}},{"type":"Feature","geometry":{"type":"Point","coordinates":[-74.33746,41.72314]},"properties":{"cat":"viewpoint","name":"Napanoch Point"}},{"type":"Feature","geometry":{"type":"Point","coordinates":[-73.95588,41.43828]},"properties":{"cat":"viewpoint","name":"Bull Hill"}},{"type":"Feature","geometry":{"type":"Point","coordinates":[-73.6207,41.26611]},"properties":{"cat":"hospital","name":"Four Winds Hospital"}},{"type":"Feature","geometry":{"type":"Point","coordinates":[-73.45459,42.04499]},"properties":{"cat":"viewpoint","name":"Bear Mountain"}},{"type":"Feature","geometry":{"type":"Point","coordinates":[-73.37983,41.20228]},"properties":{"cat":"fire","name":"Weston Town Fire Chief's Office"}},{"type":"Feature","geometry":{"type":"Point","coordinates":[-73.46799,41.39904]},"properties":{"cat":"fire","name":"Independent Hose Company Engine 4"}},{"type":"Feature","geometry":{"type":"Point","coordinates":[-73.40861,41.57573]},"properties":{"cat":"fire","name":"Water Witch Hose Company #2"}},{"type":"Feature","geometry":{"type":"Point","coordinates":[-73.47651,41.22124]},"properties":{"cat":"fire","name":"Wilton Fire Department Station 2"}},{"type":"Feature","geometry":{"type":"Point","coordinates":[-73.42524,41.19005]},"properties":{"cat":"fire","name":"Wilton Fire Department Headquarters"}},{"type":"Feature","geometry":{"type":"Point","coordinates":[-73.45773,41.40404]},"properties":{"cat":"fire","name":"Padanaram Hose Company Engine 3"}},{"type":"Feature","geometry":{"type":"Point","coordinates":[-73.44117,41.4023]},"properties":{"cat":"fire","name":"Water Witch Hose Company Engine 7"}},{"type":"Feature","geometry":{"type":"Point","coordinates":[-73.43216,41.97283]},"properties":{"cat":"fire","name":"Lakeville Hose Company Number 1"}},{"type":"Feature","geometry":{"type":"Point","coordinates":[-73.37977,41.2022]},"properties":{"cat":"fire","name":"Weston Volunteer Fire Department Station 1"}},{"type":"Feature","geometry":{"type":"Point","coordinates":[-73.45761,41.38356]},"properties":{"cat":"fire","name":"Citizens Hose Company Engine 6"}},{"type":"Feature","geometry":{"type":"Point","coordinates":[-73.46802,41.39025]},"properties":{"cat":"fire","name":"Phoenix Hose Company Engine 8"}},{"type":"Feature","geometry":{"type":"Point","coordinates":[-73.42584,41.3174]},"properties":{"cat":"fire","name":"West Redding Fire Department"}},{"type":"Feature","geometry":{"type":"Point","coordinates":[-73.41149,41.37235]},"properties":{"cat":"fire","name":"Bethel Fire Marshal's Office"}},{"type":"Feature","geometry":{"type":"Point","coordinates":[-73.44005,41.38729]},"properties":{"cat":"fire","name":"Wooster Hose Company Engine 5"}},{"type":"Feature","geometry":{"type":"Point","coordinates":[-73.3689,41.65744]},"properties":{"cat":"fire","name":"Washington Fire Marshal's Office"}},{"type":"Feature","geometry":{"type":"Point","coordinates":[-73.47736,41.87848]},"properties":{"cat":"fire","name":"Sharon Fire Marshal's Office"}},{"type":"Feature","geometry":{"type":"Point","coordinates":[-73.35697,41.37947]},"properties":{"cat":"fire","name":"Dodgingtown Volunteer Fire Company"}},{"type":"Feature","geometry":{"type":"Point","coordinates":[-73.35344,41.43007]},"properties":{"cat":"fire","name":"Hawleyville Volunteer Fire Company"}},{"type":"Feature","geometry":{"type":"Point","coordinates":[-73.4477,41.39393]},"properties":{"cat":"fire","name":"Berkerle Hose Company Engine 9"}},{"type":"Feature","geometry":{"type":"Point","coordinates":[-73.43636,41.41234]},"properties":{"cat":"fire","name":"Germantown Volunteer Fire Company Engine 10"}},{"type":"Feature","geometry":{"type":"Point","coordinates":[-73.50107,41.38935]},"properties":{"cat":"fire","name":"Mill Plain Fire Department Engine 12"}},{"type":"Feature","geometry":{"type":"Point","coordinates":[-73.38519,41.41488]},"properties":{"cat":"fire","name":"Stony Hill Volunteer Fire Department"}},{"type":"Feature","geometry":{"type":"Point","coordinates":[-73.40992,41.57789]},"properties":{"cat":"fire","name":"New Milford Fire Marshal's Office"}},{"type":"Feature","geometry":{"type":"Point","coordinates":[-73.5589,41.15652]},"properties":{"cat":"fire","name":"Long Ridge Fire Company Station 2"}},{"type":"Feature","geometry":{"type":"Point","coordinates":[-73.59262,41.15306]},"properties":{"cat":"fire","name":"Long Ridge Fire Company Station 1"}},{"type":"Feature","geometry":{"type":"Point","coordinates":[-73.42226,41.41289]},"properties":{"cat":"fire","name":"Danbury Fire Department Engine 24"}},{"type":"Feature","geometry":{"type":"Point","coordinates":[-73.43658,41.40799]},"properties":{"cat":"fire","name":"Danbury Fire Department Engine 23"}},{"type":"Feature","geometry":{"type":"Point","coordinates":[-73.37172,41.81596]},"properties":{"cat":"fire","name":"Cornwall Volunteer Fire Department"}},{"type":"Feature","geometry":{"type":"Point","coordinates":[-73.47844,41.87963]},"properties":{"cat":"fire","name":"Sharon Fire Department & Ambulance"}},{"type":"Feature","geometry":{"type":"Point","coordinates":[-73.39732,41.46343]},"properties":{"cat":"fire","name":"Brookfield Volunteer Fire Company"}},{"type":"Feature","geometry":{"type":"Point","coordinates":[-73.44054,41.47521]},"properties":{"cat":"fire","name":"Brookfield Volunteer Fire Department Candlewood Company"}},{"type":"Feature","geometry":{"type":"Point","coordinates":[-73.52806,41.45705]},"properties":{"cat":"fire","name":"New Fairfield Volunteer Fire Department Ball Pond Company"}},{"type":"Feature","geometry":{"type":"Point","coordinates":[-73.4708,41.50741]},"properties":{"cat":"fire","name":"New Fairfield Volunteer Fire Department Squantz Engine Company"}},{"type":"Feature","geometry":{"type":"Point","coordinates":[-73.48848,41.36714]},"properties":{"cat":"fire","name":"Miry Brook Volunteer Fire Department Station 13"}},{"type":"Feature","geometry":{"type":"Point","coordinates":[-73.5042,41.42717]},"properties":{"cat":"fire","name":"King Street Fire Company Engine 14"}},{"type":"Feature","geometry":{"type":"Point","coordinates":[-73.86477,41.16093]},"properties":{"cat":"fire","name":"Ossining Fire Department Steamer Company #1"}},{"type":"Feature","geometry":{"type":"Point","coordinates":[-73.92317,41.2915]},"properties":{"cat":"fire","name":"Cortlandt Hook and Ladder Company Number 1"}},{"type":"Feature","geometry":{"type":"Point","coordinates":[-73.9218,41.29065]},"properties":{"cat":"fire","name":"Washington Engine Company Number 2"}},{"type":"Feature","geometry":{"type":"Point","coordinates":[-73.93236,41.25371]},"properties":{"cat":"fire","name":"Cortlandt Engine Company Number 1"}},{"type":"Feature","geometry":{"type":"Point","coordinates":[-73.86507,41.16797]},"properties":{"cat":"fire","name":"Ossining Hose Company Number 1"}},{"type":"Feature","geometry":{"type":"Point","coordinates":[-73.86512,41.16787]},"properties":{"cat":"fire","name":"Washington Hook and Ladder Company Number 2"}},{"type":"Feature","geometry":{"type":"Point","coordinates":[-73.84444,41.1675]},"properties":{"cat":"fire","name":"Independent Hose Company Number 6"}},{"type":"Feature","geometry":{"type":"Point","coordinates":[-73.91944,41.59472]},"properties":{"cat":"fire","name":"William T Garner Engine Company"}},{"type":"Feature","geometry":{"type":"Point","coordinates":[-73.92001,41.60194]},"properties":{"cat":"fire","name":"S W Johnson Engine Company Number 2"}},{"type":"Feature","geometry":{"type":"Point","coordinates":[-74.02472,41.87361]},"properties":{"cat":"fire","name":"Saint Remy Fire Department"}},{"type":"Feature","geometry":{"type":"Point","coordinates":[-74.39528,41.71639]},"properties":{"cat":"fire","name":"Pioneer Engine Company"}},{"type":"Feature","geometry":{"type":"Point","coordinates":[-74.385,41.71056]},"properties":{"cat":"fire","name":"Kimble Hose Company Number 2"}},{"type":"Feature","geometry":{"type":"Point","coordinates":[-74.00917,41.49972]},"properties":{"cat":"fire","name":"Hook And Ladder Company Number 1"}},{"type":"Feature","geometry":{"type":"Point","coordinates":[-74.02194,41.48917]},"properties":{"cat":"fire","name":"Quassaick Fire Engine Company of New Windsor"}},{"type":"Feature","geometry":{"type":"Point","coordinates":[-74.04667,41.51028]},"properties":{"cat":"fire","name":"Goodwill Fire Station"}},{"type":"Feature","geometry":{"type":"Point","coordinates":[-74.74464,41.80019]},"properties":{"cat":"fire","name":"Liberty Hose And Truck Company Number 2"}},{"type":"Feature","geometry":{"type":"Point","coordinates":[-74.74667,41.8025]},"properties":{"cat":"fire","name":"J C Young Hose Company Number 1"}},{"type":"Feature","geometry":{"type":"Point","coordinates":[-74.74583,41.79694]},"properties":{"cat":"fire","name":"Ontario Hose Company Number 3"}},{"type":"Feature","geometry":{"type":"Point","coordinates":[-73.91729,41.70025]},"properties":{"cat":"fire","name":"O H Booth Hose Company Number 2 (Inactive/Former location)"}},{"type":"Feature","geometry":{"type":"Point","coordinates":[-73.92341,41.70269]},"properties":{"cat":"fire","name":"Poughkeepsie Fire Department Niagara Engine Company 5 (Inactive/Historical)"}},{"type":"Feature","geometry":{"type":"Point","coordinates":[-73.93056,41.70431]},"properties":{"cat":"fire","name":"Phoenix Hose Company Number 1"}},{"type":"Feature","geometry":{"type":"Point","coordinates":[-74.35505,41.25945]},"properties":{"cat":"fire","name":"Goodwill Hook And Ladder Company Number 1"}},{"type":"Feature","geometry":{"type":"Point","coordinates":[-74.70194,41.37889]},"properties":{"cat":"fire","name":"Excelsior Hose Company Number 5"}},{"type":"Feature","geometry":{"type":"Point","coordinates":[-74.36611,41.25611]},"properties":{"cat":"fire","name":"Raymond Hose Company Number 2"}},{"type":"Feature","geometry":{"type":"Point","coordinates":[-73.97665,41.90767]},"properties":{"cat":"fire","name":"Port Ewen Fire Station Number 1"}},{"type":"Feature","geometry":{"type":"Point","coordinates":[-73.79583,42.35111]},"properties":{"cat":"fire","name":"Coxsackie Fire Station Number 2"}},{"type":"Feature","geometry":{"type":"Point","coordinates":[-73.79972,42.35278]},"properties":{"cat":"fire","name":"Coxsackie Fire Station Number 1"}},{"type":"Feature","geometry":{"type":"Point","coordinates":[-73.81778,42.36028]},"properties":{"cat":"fire","name":"Coxsackie Fire Station Number 3"}},{"type":"Feature","geometry":{"type":"Point","coordinates":[-73.88306,41.32583]},"properties":{"cat":"fire","name":"Hollowbrook Fire Station"}},{"type":"Feature","geometry":{"type":"Point","coordinates":[-73.86313,41.27709]},"properties":{"cat":"fire","name":"Furnace Woods Fire Station"}},{"type":"Feature","geometry":{"type":"Point","coordinates":[-73.80333,41.32472]},"properties":{"cat":"fire","name":"Jefferson Valley Fire Station"}},{"type":"Feature","geometry":{"type":"Point","coordinates":[-73.74472,41.57]},"properties":{"cat":"fire","name":"Stormville Fire Company Number 2"}},{"type":"Feature","geometry":{"type":"Point","coordinates":[-73.77111,41.15889]},"properties":{"cat":"fire","name":"Independent Fire Company"}},{"type":"Feature","geometry":{"type":"Point","coordinates":[-74.64854,42.14987]},"properties":{"cat":"fire","name":"Margaretville Fire Department"}},{"type":"Feature","geometry":{"type":"Point","coordinates":[-73.42831,42.11121]},"properties":{"cat":"shelter","name":"Glen Brook Lean-to"}},{"type":"Feature","geometry":{"type":"Point","coordinates":[-73.42923,42.10969]},"properties":{"cat":"shelter","name":"The Hemlocks Lean-to"}},{"type":"Feature","geometry":{"type":"Point","coordinates":[-74.67817,41.27752]},"properties":{"cat":"shelter","name":"Rutherford Shelter"}},{"type":"Feature","geometry":{"type":"Point","coordinates":[-74.05924,41.27975]},"properties":{"cat":"shelter","name":"William Brien Memorial Shelter"}},{"type":"Feature","geometry":{"type":"Point","coordinates":[-73.69173,41.56457]},"properties":{"cat":"shelter","name":"Morgan Stewart Memorial Shelter"}},{"type":"Feature","geometry":{"type":"Point","coordinates":[-73.5324,41.63786]},"properties":{"cat":"shelter","name":"Wiley Shelter"}},{"type":"Feature","geometry":{"type":"Point","coordinates":[-73.61886,41.60384]},"properties":{"cat":"shelter","name":"Telephone Pioneers Shelter"}},{"type":"Feature","geometry":{"type":"Point","coordinates":[-74.104,41.26332]},"properties":{"cat":"shelter","name":"Fingerboard Shelter"}},{"type":"Feature","geometry":{"type":"Point","coordinates":[-73.79241,41.51444]},"properties":{"cat":"shelter","name":"RPH Shelter"}},{"type":"Feature","geometry":{"type":"Point","coordinates":[-74.68642,41.25218]},"properties":{"cat":"shelter","name":"Mashipacong Shelter"}},{"type":"Feature","geometry":{"type":"Point","coordinates":[-74.83839,41.15315]},"properties":{"cat":"shelter","name":"Brink Shelter"}},{"type":"Feature","geometry":{"type":"Point","coordinates":[-74.39811,41.20217]},"properties":{"cat":"shelter","name":"Wawayanda Shelter"}},{"type":"Feature","geometry":{"type":"Point","coordinates":[-74.75266,41.19933]},"properties":{"cat":"shelter","name":"Gren Anderson Shelter"}},{"type":"Feature","geometry":{"type":"Point","coordinates":[-74.26784,41.26828]},"properties":{"cat":"shelter","name":"Wildcat Shelter"}},{"type":"Feature","geometry":{"type":"Point","coordinates":[-73.49629,41.73186]},"properties":{"cat":"shelter","name":"Mt. Algo Lean-to"}},{"type":"Feature","geometry":{"type":"Point","coordinates":[-73.41856,41.7793]},"properties":{"cat":"shelter","name":"Stewart Hollow Brook Lean-to"}},{"type":"Feature","geometry":{"type":"Point","coordinates":[-74.07952,41.84488]},"properties":{"cat":"fire","name":"Rosendale Fire Department"}},{"type":"Feature","geometry":{"type":"Point","coordinates":[-73.68845,41.32742]},"properties":{"cat":"fire","name":"Somers Fire House"}},{"type":"Feature","geometry":{"type":"Point","coordinates":[-73.69645,42.39929]},"properties":{"cat":"fire","name":"Plalmer Engine & Hose Co. Kinderhook Fire Department"}},{"type":"Feature","geometry":{"type":"Point","coordinates":[-74.15699,41.42635]},"properties":{"cat":"fire","name":"Washingtonville Vol. FD"}},{"type":"Feature","geometry":{"type":"Point","coordinates":[-73.66631,42.2558]},"properties":{"cat":"fire","name":"Mellenville Volunteer Fire Department"}},{"type":"Feature","geometry":{"type":"Point","coordinates":[-73.66082,42.4381]},"properties":{"cat":"fire","name":"Niverville Fire Department"}},{"type":"Feature","geometry":{"type":"Point","coordinates":[-73.85533,41.19368]},"properties":{"cat":"water"}},{"type":"Feature","geometry":{"type":"Point","coordinates":[-74.21524,41.27827]},"properties":{"cat":"fire","name":"Monroe Lakeside Fire and Rescue"}},{"type":"Feature","geometry":{"type":"Point","coordinates":[-74.14188,41.22473]},"properties":{"cat":"shelter","name":"Tom Jones Shelter"}},{"type":"Feature","geometry":{"type":"Point","coordinates":[-74.13222,41.24263]},"properties":{"cat":"shelter","name":"Bald Rocks Shelter"}},{"type":"Feature","geometry":{"type":"Point","coordinates":[-73.55537,41.32234]},"properties":{"cat":"trailhead"}},{"type":"Feature","geometry":{"type":"Point","coordinates":[-73.73538,42.22303]},"properties":{"cat":"fire","name":"A. B. Shaw Fire Company Inc."}},{"type":"Feature","geometry":{"type":"Point","coordinates":[-74.1019,42.11521]},"properties":{"cat":"viewpoint","name":"Sherman's Lookout"}},{"type":"Feature","geometry":{"type":"Point","coordinates":[-74.06265,42.12656]},"properties":{"cat":"viewpoint","name":"Huckleberry Point"}},{"type":"Feature","geometry":{"type":"Point","coordinates":[-74.08238,42.16024]},"properties":{"cat":"viewpoint","name":"Hurricane Ledge"}},{"type":"Feature","geometry":{"type":"Point","coordinates":[-74.02954,42.20209]},"properties":{"cat":"viewpoint","name":"Artists Rock"}},{"type":"Feature","geometry":{"type":"Point","coordinates":[-74.03086,42.20541]},"properties":{"cat":"viewpoint","name":"Sunset Rock"}},{"type":"Feature","geometry":{"type":"Point","coordinates":[-74.03069,42.20999]},"properties":{"cat":"viewpoint","name":"Newmans Ledge"}},{"type":"Feature","geometry":{"type":"Point","coordinates":[-74.04063,42.22043]},"properties":{"cat":"viewpoint","name":"North Point"}},{"type":"Feature","geometry":{"type":"Point","coordinates":[-73.51816,41.33993]},"properties":{"cat":"fire","name":"Ridgebury Fire Station"}},{"type":"Feature","geometry":{"type":"Point","coordinates":[-74.61774,42.40845]},"properties":{"cat":"fire"}},{"type":"Feature","geometry":{"type":"Point","coordinates":[-74.21292,42.44897]},"properties":{"cat":"shelter"}},{"type":"Feature","geometry":{"type":"Point","coordinates":[-74.03032,42.20646]},"properties":{"cat":"viewpoint","name":"Lookout Rock"}},{"type":"Feature","geometry":{"type":"Point","coordinates":[-74.07481,41.18527]},"properties":{"cat":"trailhead"}},{"type":"Feature","geometry":{"type":"Point","coordinates":[-74.03468,42.19457]},"properties":{"cat":"viewpoint","name":"Catskill Mountain House Site"}},{"type":"Feature","geometry":{"type":"Point","coordinates":[-73.93372,42.12373]},"properties":{"cat":"fire","name":"West Camp Fire House"}},{"type":"Feature","geometry":{"type":"Point","coordinates":[-73.94007,42.10301]},"properties":{"cat":"fire","name":"Malden Fire House"}},{"type":"Feature","geometry":{"type":"Point","coordinates":[-73.71596,41.72822]},"properties":{"cat":"fire","name":"Union Vale Fire District Station 1"}},{"type":"Feature","geometry":{"type":"Point","coordinates":[-73.99117,41.42009]},"properties":{"cat":"viewpoint","name":"North Point"}},{"type":"Feature","geometry":{"type":"Point","coordinates":[-73.93316,41.78549]},"properties":{"cat":"fire"}},{"type":"Feature","geometry":{"type":"Point","coordinates":[-74.01753,41.28018]},"properties":{"cat":"viewpoint","name":"Cat's Elbow"}},{"type":"Feature","geometry":{"type":"Point","coordinates":[-74.00178,41.2757]},"properties":{"cat":"viewpoint","name":"The Timp, NYC view"}},{"type":"Feature","geometry":{"type":"Point","coordinates":[-73.98909,41.31088]},"properties":{"cat":"water"}},{"type":"Feature","geometry":{"type":"Point","coordinates":[-74.73362,41.4218]},"properties":{"cat":"viewpoint","name":"Lifting Rocks Overlook"}},{"type":"Feature","geometry":{"type":"Point","coordinates":[-74.18454,41.16744]},"properties":{"cat":"viewpoint","name":"Sleater Hill"}},{"type":"Feature","geometry":{"type":"Point","coordinates":[-74.17116,41.1845]},"properties":{"cat":"viewpoint","name":"Dater Mountain"}},{"type":"Feature","geometry":{"type":"Point","coordinates":[-73.92022,41.59921]},"properties":{"cat":"viewpoint","name":"Falls View"}},{"type":"Feature","geometry":{"type":"Point","coordinates":[-73.74845,41.3145]},"properties":{"cat":"fire","name":"Granite Springs Fire Station, Somers Vol Fire Co"}},{"type":"Feature","geometry":{"type":"Point","coordinates":[-73.71189,41.32095]},"properties":{"cat":"trailhead","name":"Kennedy Rail Trail"}},{"type":"Feature","geometry":{"type":"Point","coordinates":[-74.22952,42.17462]},"properties":{"cat":"viewpoint","name":"Hunter Mountain overlook"}},{"type":"Feature","geometry":{"type":"Point","coordinates":[-74.23097,42.16549]},"properties":{"cat":"shelter","name":"Devil's Acre Lean-To"}},{"type":"Feature","geometry":{"type":"Point","coordinates":[-74.23382,42.17193]},"properties":{"cat":"viewpoint","name":"Geiger Point"}},{"type":"Feature","geometry":{"type":"Point","coordinates":[-74.24063,42.18902]},"properties":{"cat":"shelter","name":"John Robb Lean-To"}},{"type":"Feature","geometry":{"type":"Point","coordinates":[-73.5273,41.41527]},"properties":{"cat":"shelter"}},{"type":"Feature","geometry":{"type":"Point","coordinates":[-74.19244,41.73583]},"properties":{"cat":"viewpoint","name":"Overlook"}},{"type":"Feature","geometry":{"type":"Point","coordinates":[-73.81127,42.20033]},"properties":{"cat":"fire","name":"Becraft Pumper Co. No. 2"}},{"type":"Feature","geometry":{"type":"Point","coordinates":[-74.34476,41.70819]},"properties":{"cat":"viewpoint","name":"Old Fire Tower Viewpoint"}},{"type":"Feature","geometry":{"type":"Point","coordinates":[-74.15255,41.78473]},"properties":{"cat":"viewpoint","name":"Ouback Slab"}},{"type":"Feature","geometry":{"type":"Point","coordinates":[-73.98512,41.84138]},"properties":{"cat":"viewpoint","name":"Hudson River Overlook"}},{"type":"Feature","geometry":{"type":"Point","coordinates":[-74.1462,41.77649]},"properties":{"cat":"viewpoint","name":"North Lookout"}},{"type":"Feature","geometry":{"type":"Point","coordinates":[-74.16353,41.76482]},"properties":{"cat":"viewpoint","name":"Copes Lookout"}},{"type":"Feature","geometry":{"type":"Point","coordinates":[-74.16187,41.7617]},"properties":{"cat":"viewpoint","name":"Artist's Rock"}},{"type":"Feature","geometry":{"type":"Point","coordinates":[-74.12555,41.79634]},"properties":{"cat":"viewpoint","name":"Million Dollar View"}},{"type":"Feature","geometry":{"type":"Point","coordinates":[-74.11296,41.81333]},"properties":{"cat":"viewpoint","name":"Table Rocks"}},{"type":"Feature","geometry":{"type":"Point","coordinates":[-74.2261,41.70813]},"properties":{"cat":"viewpoint","name":"Millbrook Mountain Viewpoint"}},{"type":"Feature","geometry":{"type":"Point","coordinates":[-74.22403,41.70973]},"properties":{"cat":"viewpoint","name":"Millbrook Crag"}},{"type":"Feature","geometry":{"type":"Point","coordinates":[-74.24859,41.69429]},"properties":{"cat":"viewpoint","name":"Gertrude's Nose"}},{"type":"Feature","geometry":{"type":"Point","coordinates":[-74.24125,41.71327]},"properties":{"cat":"viewpoint","name":"Patterson's Pellet"}},{"type":"Feature","geometry":{"type":"Point","coordinates":[-74.24555,41.71449]},"properties":{"cat":"viewpoint","name":"Kempton Ledge"}},{"type":"Feature","geometry":{"type":"Point","coordinates":[-74.25979,41.705]},"properties":{"cat":"viewpoint","name":"High-Points Point"}},{"type":"Feature","geometry":{"type":"Point","coordinates":[-74.22608,41.73527]},"properties":{"cat":"viewpoint","name":"Beacon Hill"}},{"type":"Feature","geometry":{"type":"Point","coordinates":[-74.2714,41.6999]},"properties":{"cat":"viewpoint","name":"Hamilton Point"}},{"type":"Feature","geometry":{"type":"Point","coordinates":[-74.24806,41.71041]},"properties":{"cat":"viewpoint","name":"Echo Rock"}},{"type":"Feature","geometry":{"type":"Point","coordinates":[-74.35757,41.66983]},"properties":{"cat":"viewpoint","name":"Sam's Point Overlook"}},{"type":"Feature","geometry":{"type":"Point","coordinates":[-74.15799,41.7703]},"properties":{"cat":"viewpoint","name":"Sunset Rock"}},{"type":"Feature","geometry":{"type":"Point","coordinates":[-74.15924,41.76944]},"properties":{"cat":"viewpoint","name":"Penny's Perch"}},{"type":"Feature","geometry":{"type":"Point","coordinates":[-74.40913,41.96096]},"properties":{"cat":"shelter","name":"Bouton Memorial Lean-To"}},{"type":"Feature","geometry":{"type":"Point","coordinates":[-74.39776,41.95289]},"properties":{"cat":"viewpoint","name":"Peekamoose Viewpoint"}},{"type":"Feature","geometry":{"type":"Point","coordinates":[-74.4058,41.95894]},"properties":{"cat":"viewpoint","name":"Table Mountain Upper View"}},{"type":"Feature","geometry":{"type":"Point","coordinates":[-74.42032,41.96316]},"properties":{"cat":"viewpoint","name":"Table Mountain Lower View"}},{"type":"Feature","geometry":{"type":"Point","coordinates":[-74.43574,41.95081]},"properties":{"cat":"viewpoint","name":"Van Wyck Viewpoint"}},{"type":"Feature","geometry":{"type":"Point","coordinates":[-74.23219,42.02462]},"properties":{"cat":"water"}},{"type":"Feature","geometry":{"type":"Point","coordinates":[-74.23102,42.02485]},"properties":{"cat":"water"}},{"type":"Feature","geometry":{"type":"Point","coordinates":[-74.22888,42.02671]},"properties":{"cat":"water"}},{"type":"Feature","geometry":{"type":"Point","coordinates":[-74.22772,42.02623]},"properties":{"cat":"water"}},{"type":"Feature","geometry":{"type":"Point","coordinates":[-74.22721,42.02671]},"properties":{"cat":"water"}},{"type":"Feature","geometry":{"type":"Point","coordinates":[-74.22972,42.02631]},"properties":{"cat":"water"}},{"type":"Feature","geometry":{"type":"Point","coordinates":[-74.2272,42.02652]},"properties":{"cat":"water"}},{"type":"Feature","geometry":{"type":"Point","coordinates":[-74.23068,42.0246]},"properties":{"cat":"water"}},{"type":"Feature","geometry":{"type":"Point","coordinates":[-74.22912,42.02596]},"properties":{"cat":"water"}},{"type":"Feature","geometry":{"type":"Point","coordinates":[-74.23222,42.02417]},"properties":{"cat":"water"}},{"type":"Feature","geometry":{"type":"Point","coordinates":[-74.22962,42.02661]},"properties":{"cat":"water"}},{"type":"Feature","geometry":{"type":"Point","coordinates":[-74.22807,42.02667]},"properties":{"cat":"water"}},{"type":"Feature","geometry":{"type":"Point","coordinates":[-74.23123,42.024]},"properties":{"cat":"water"}},{"type":"Feature","geometry":{"type":"Point","coordinates":[-74.51345,41.85312]},"properties":{"cat":"viewpoint","name":"Bald Eagle Viewing Area"}},{"type":"Feature","geometry":{"type":"Point","coordinates":[-74.28792,42.16883]},"properties":{"cat":"viewpoint","name":"Buck Ridge Lookout"}},{"type":"Feature","geometry":{"type":"Point","coordinates":[-74.57528,41.98014]},"properties":{"cat":"trailhead","name":"Black Bear Trailhead"}},{"type":"Feature","geometry":{"type":"Point","coordinates":[-74.17386,42.30651]},"properties":{"cat":"shelter","name":"Elm Ridge Lean-To"}},{"type":"Feature","geometry":{"type":"Point","coordinates":[-74.17214,42.30447]},"properties":{"cat":"water"}},{"type":"Feature","geometry":{"type":"Point","coordinates":[-74.15635,41.77216]},"properties":{"cat":"viewpoint","name":"Pine Hill"}},{"type":"Feature","geometry":{"type":"Point","coordinates":[-74.15497,41.76729]},"properties":{"cat":"viewpoint","name":"Sentinel Rock"}},{"type":"Feature","geometry":{"type":"Point","coordinates":[-74.52619,41.28321]},"properties":{"cat":"viewpoint","name":"Birding Observation Platform"}},{"type":"Feature","geometry":{"type":"Point","coordinates":[-74.55394,41.47806]},"properties":{"cat":"viewpoint","name":"Gobbler's Knob Viewpoint"}},{"type":"Feature","geometry":{"type":"Point","coordinates":[-74.34415,42.17314]},"properties":{"cat":"viewpoint","name":"view east"}},{"type":"Feature","geometry":{"type":"Point","coordinates":[-74.15143,41.76439]},"properties":{"cat":"viewpoint","name":"Pinnacle Rock"}},{"type":"Feature","geometry":{"type":"Point","coordinates":[-74.64163,41.37128]},"properties":{"cat":"viewpoint","name":"Anthill Overlook"}},{"type":"Feature","geometry":{"type":"Point","coordinates":[-74.12157,42.1173]},"properties":{"cat":"viewpoint","name":"Jimmy Dolan Notch overlook"}},{"type":"Feature","geometry":{"type":"Point","coordinates":[-74.12936,42.12556]},"properties":{"cat":"viewpoint","name":"Twin Mountain overlook"}},{"type":"Feature","geometry":{"type":"Point","coordinates":[-74.12589,42.11809]},"properties":{"cat":"viewpoint","name":"Twin Mountain south summit"}},{"type":"Feature","geometry":{"type":"Point","coordinates":[-74.0887,41.82993]},"properties":{"cat":"viewpoint","name":"White Dot"}},{"type":"Feature","geometry":{"type":"Point","coordinates":[-74.28723,41.92453]},"properties":{"cat":"viewpoint","name":"Peak View Ledge"}},{"type":"Feature","geometry":{"type":"Point","coordinates":[-74.10095,42.27553]},"properties":{"cat":"shelter","name":"Batavia Kill Lean-To"}},{"type":"Feature","geometry":{"type":"Point","coordinates":[-74.14995,42.27135]},"properties":{"cat":"viewpoint","name":"Camel's Hump overlook"}},{"type":"Feature","geometry":{"type":"Point","coordinates":[-74.10385,42.26719]},"properties":{"cat":"viewpoint","name":"Camp Steel overlook"}},{"type":"Feature","geometry":{"type":"Point","coordinates":[-73.61849,41.60706]},"properties":{"cat":"viewpoint","name":"Cats Rock"}},{"type":"Feature","geometry":{"type":"Point","coordinates":[-74.34608,42.35507]},"properties":{"cat":"shelter","name":"Huntersfield Mountain Lean-To"}},{"type":"Feature","geometry":{"type":"Point","coordinates":[-74.36151,41.67045]},"properties":{"cat":"water"}},{"type":"Feature","geometry":{"type":"Point","coordinates":[-74.48857,42.09348]},"properties":{"cat":"viewpoint","name":"Balsam Mountain overlook"}},{"type":"Feature","geometry":{"type":"Point","coordinates":[-74.51004,42.09765]},"properties":{"cat":"shelter","name":"Rider Hollow Shelter"}},{"type":"Feature","geometry":{"type":"Point","coordinates":[-73.53623,42.399]},"properties":{"cat":"shelter"}},{"type":"Feature","geometry":{"type":"Point","coordinates":[-74.33116,41.72973]},"properties":{"cat":"viewpoint","name":"Panther Rock"}},{"type":"Feature","geometry":{"type":"Point","coordinates":[-74.38063,41.25595]},"properties":{"cat":"fire","name":"Raymond Hose Company"}},{"type":"Feature","geometry":{"type":"Point","coordinates":[-74.35488,41.24656]},"properties":{"cat":"fire","name":"Engine Company 3"}},{"type":"Feature","geometry":{"type":"Point","coordinates":[-74.19206,41.15782]},"properties":{"cat":"fire","name":"Sloatsburg Fire Department"}},{"type":"Feature","geometry":{"type":"Point","coordinates":[-74.18355,41.18878]},"properties":{"cat":"fire","name":"Tuxedo"}},{"type":"Feature","geometry":{"type":"Point","coordinates":[-74.27589,41.35976]},"properties":{"cat":"fire","name":"Chester Fire Department"}},{"type":"Feature","geometry":{"type":"Point","coordinates":[-74.35643,41.33156]},"properties":{"cat":"fire","name":"Florida Fire Departnment"}},{"type":"Feature","geometry":{"type":"Point","coordinates":[-74.16287,42.13553]},"properties":{"cat":"shelter","name":"Mink Hollow Lean-to"}},{"type":"Feature","geometry":{"type":"Point","coordinates":[-74.18919,42.16029]},"properties":{"cat":"viewpoint","name":"Orchard Point"}},{"type":"Feature","geometry":{"type":"Point","coordinates":[-74.15178,42.13084]},"properties":{"cat":"viewpoint","name":"Sugarloaf Mountain overlook"}},{"type":"Feature","geometry":{"type":"Point","coordinates":[-74.33665,42.02665]},"properties":{"cat":"shelter","name":"Terrace Mountain Lean-To"}},{"type":"Feature","geometry":{"type":"Point","coordinates":[-74.48423,42.00962]},"properties":{"cat":"shelter","name":"Biscuit Brook Lean-To"}},{"type":"Feature","geometry":{"type":"Point","coordinates":[-74.48424,41.99131]},"properties":{"cat":"trailhead"}},{"type":"Feature","geometry":{"type":"Point","coordinates":[-74.77617,41.98126]},"properties":{"cat":"shelter","name":"Quick Lake Lean-To"}},{"type":"Feature","geometry":{"type":"Point","coordinates":[-74.64674,42.04727]},"properties":{"cat":"shelter","name":"Beaver Meadow Lean-To"}},{"type":"Feature","geometry":{"type":"Point","coordinates":[-74.61787,42.04732]},"properties":{"cat":"viewpoint","name":"Beecher Lake Overlook"}},{"type":"Feature","geometry":{"type":"Point","coordinates":[-74.59618,42.0396]},"properties":{"cat":"shelter","name":"Balsam Lake Mountain Lean-To"}},{"type":"Feature","geometry":{"type":"Point","coordinates":[-74.65438,42.06658]},"properties":{"cat":"shelter","name":"Kelly Hollow Lean-To"}},{"type":"Feature","geometry":{"type":"Point","coordinates":[-74.58621,42.06841]},"properties":{"cat":"shelter"}},{"type":"Feature","geometry":{"type":"Point","coordinates":[-74.6318,41.93712]},"properties":{"cat":"shelter","name":"Long Pond Lean-To"}},{"type":"Feature","geometry":{"type":"Point","coordinates":[-74.55867,42.00005]},"properties":{"cat":"shelter","name":"Fall Brook Lean-To"}},{"type":"Feature","geometry":{"type":"Point","coordinates":[-74.86575,42.03347]},"properties":{"cat":"viewpoint","name":"Split Rock Lookout"}},{"type":"Feature","geometry":{"type":"Point","coordinates":[-74.4164,41.94286]},"properties":{"cat":"viewpoint","name":"Reconnoiter Rock"}},{"type":"Feature","geometry":{"type":"Point","coordinates":[-74.28777,42.07024]},"properties":{"cat":"shelter","name":"Baldwin Memorial Lean-To"}},{"type":"Feature","geometry":{"type":"Point","coordinates":[-74.278,42.07402]},"properties":{"cat":"shelter","name":"Tremper Mountain Lean-To"}},{"type":"Feature","geometry":{"type":"Point","coordinates":[-74.05413,42.16981]},"properties":{"cat":"viewpoint","name":"Poets Ledge"}},{"type":"Feature","geometry":{"type":"Point","coordinates":[-74.39385,42.10284]},"properties":{"cat":"shelter","name":"Fox Hollow Lean-To"}},{"type":"Feature","geometry":{"type":"Point","coordinates":[-74.50539,42.11829]},"properties":{"cat":"shelter","name":"Hirschland Lean-To"}},{"type":"Feature","geometry":{"type":"Point","coordinates":[-74.49101,42.11525]},"properties":{"cat":"shelter","name":"Belleayre Mountain Lean-To"}},{"type":"Feature","geometry":{"type":"Point","coordinates":[-74.45205,42.13665]},"properties":{"cat":"shelter","name":"Rochester Hollow Lean-To"}},{"type":"Feature","geometry":{"type":"Point","coordinates":[-74.78531,42.00453]},"properties":{"cat":"fire","name":"Lew Beach Volunteer Fire Department"}},{"type":"Feature","geometry":{"type":"Point","coordinates":[-74.51098,42.04993]},"properties":{"cat":"shelter","name":"Sandaken Brook Lean-To"}},{"type":"Feature","geometry":{"type":"Point","coordinates":[-74.48499,42.07514]},"properties":{"cat":"shelter","name":"McKinley Hollow Lean-To"}},{"type":"Feature","geometry":{"type":"Point","coordinates":[-74.43687,42.22162]},"properties":{"cat":"shelter","name":"Halcott Lean-To"}},{"type":"Feature","geometry":{"type":"Point","coordinates":[-73.49615,41.30041]},"properties":{"cat":"water"}},{"type":"Feature","geometry":{"type":"Point","coordinates":[-74.25694,42.16955]},"properties":{"cat":"shelter","name":"Diamond Notch Lean-To"}},{"type":"Feature","geometry":{"type":"Point","coordinates":[-74.21867,42.00327]},"properties":{"cat":"viewpoint","name":"Western View"}},{"type":"Feature","geometry":{"type":"Point","coordinates":[-74.21568,42.00221]},"properties":{"cat":"viewpoint","name":"Eastern View"}},{"type":"Feature","geometry":{"type":"Point","coordinates":[-74.35896,41.80216]},"properties":{"cat":"viewpoint","name":"Obstructed View"}},{"type":"Feature","geometry":{"type":"Point","coordinates":[-74.35833,41.80314]},"properties":{"cat":"viewpoint","name":"Obstructed View"}},{"type":"Feature","geometry":{"type":"Point","coordinates":[-73.47552,41.51195]},"properties":{"cat":"water"}},{"type":"Feature","geometry":{"type":"Point","coordinates":[-73.49556,41.35024]},"properties":{"cat":"viewpoint","name":"Charles Ives cottage site"}},{"type":"Feature","geometry":{"type":"Point","coordinates":[-73.49653,42.13452]},"properties":{"cat":"viewpoint","name":"Sunset Rock"}},{"type":"Feature","geometry":{"type":"Point","coordinates":[-74.14262,41.38948]},"properties":{"cat":"fire","name":"Mountain Lodge Fire Department"}},{"type":"Feature","geometry":{"type":"Point","coordinates":[-73.50071,42.11261]},"properties":{"cat":"viewpoint","name":"Taconic View"}},{"type":"Feature","geometry":{"type":"Point","coordinates":[-73.86325,41.16282]},"properties":{"cat":"viewpoint","name":"Ossining Double Arch viewing platform"}},{"type":"Feature","geometry":{"type":"Point","coordinates":[-74.76929,41.78439]},"properties":{"cat":"viewpoint","name":"Upper Mountain Overlook"}},{"type":"Feature","geometry":{"type":"Point","coordinates":[-74.76887,41.78379]},"properties":{"cat":"viewpoint","name":"Lower Mountain Overlook"}},{"type":"Feature","geometry":{"type":"Point","coordinates":[-74.17763,41.74599]},"properties":{"cat":"viewpoint","name":"High Exposure"}},{"type":"Feature","geometry":{"type":"Point","coordinates":[-73.92647,42.04752]},"properties":{"cat":"viewpoint","name":"North Point"}},{"type":"Feature","geometry":{"type":"Point","coordinates":[-73.49404,42.11581]},"properties":{"cat":"viewpoint","name":"Bash Bish Falls Viewpoint"}},{"type":"Feature","geometry":{"type":"Point","coordinates":[-74.19542,41.73565]},"properties":{"cat":"viewpoint","name":"Hawkwatch"}},{"type":"Feature","geometry":{"type":"Point","coordinates":[-73.44632,41.37923]},"properties":{"cat":"trailhead","name":"Ives Trail & Greenway - Terrwile Park"}},{"type":"Feature","geometry":{"type":"Point","coordinates":[-73.44069,41.3755]},"properties":{"cat":"shelter"}},{"type":"Feature","geometry":{"type":"Point","coordinates":[-73.48275,42.04962]},"properties":{"cat":"viewpoint","name":"Connecticut High Point"}},{"type":"Feature","geometry":{"type":"Point","coordinates":[-73.97072,41.31179]},"properties":{"cat":"viewpoint","name":"Sceenic Overlook Pointe - Camp Smith"}},{"type":"Feature","geometry":{"type":"Point","coordinates":[-74.79759,41.66112]},"properties":{"cat":"fire"}},{"type":"Feature","geometry":{"type":"Point","coordinates":[-73.92785,42.04397]},"properties":{"cat":"viewpoint","name":"South Point"}},{"type":"Feature","geometry":{"type":"Point","coordinates":[-73.54743,41.31303]},"properties":{"cat":"water"}},{"type":"Feature","geometry":{"type":"Point","coordinates":[-73.49202,41.28303]},"properties":{"cat":"water"}},{"type":"Feature","geometry":{"type":"Point","coordinates":[-74.09022,42.09838]},"properties":{"cat":"shelter","name":"Echo Lake Lean-To"}},{"type":"Feature","geometry":{"type":"Point","coordinates":[-74.58659,42.08245]},"properties":{"cat":"shelter"}},{"type":"Feature","geometry":{"type":"Point","coordinates":[-73.94062,42.05839]},"properties":{"cat":"viewpoint","name":"Waterfall Overlook"}},{"type":"Feature","geometry":{"type":"Point","coordinates":[-73.70113,41.23562]},"properties":{"cat":"fire","name":"Bedford Hills Fire Department"}},{"type":"Feature","geometry":{"type":"Point","coordinates":[-74.14922,41.19797]},"properties":{"cat":"shelter","name":"Dutch Doctor Shelter"}},{"type":"Feature","geometry":{"type":"Point","coordinates":[-73.95503,41.82194]},"properties":{"cat":"viewpoint","name":"Pitch Pine Overlook"}},{"type":"Feature","geometry":{"type":"Point","coordinates":[-74.30638,42.08638]},"properties":{"cat":"viewpoint","name":"Grandview Ledge"}},{"type":"Feature","geometry":{"type":"Point","coordinates":[-73.92294,41.95548]},"properties":{"cat":"shelter"}},{"type":"Feature","geometry":{"type":"Point","coordinates":[-73.92365,41.95396]},"properties":{"cat":"shelter","name":"Cabin"}},{"type":"Feature","geometry":{"type":"Point","coordinates":[-73.92536,41.95679]},"properties":{"cat":"shelter"}},{"type":"Feature","geometry":{"type":"Point","coordinates":[-74.83257,41.2929]},"properties":{"cat":"viewpoint","name":"Tri-State Overlook"}},{"type":"Feature","geometry":{"type":"Point","coordinates":[-74.82889,41.29817]},"properties":{"cat":"viewpoint","name":"Minisink Overlook"}},{"type":"Feature","geometry":{"type":"Point","coordinates":[-74.86334,41.24218]},"properties":{"cat":"trailhead","name":"McDade Trailhead-White Pines"}},{"type":"Feature","geometry":{"type":"Point","coordinates":[-74.87387,41.2054]},"properties":{"cat":"trailhead"}},{"type":"Feature","geometry":{"type":"Point","coordinates":[-74.03749,42.18934]},"properties":{"cat":"viewpoint","name":"Boulder Rock"}},{"type":"Feature","geometry":{"type":"Point","coordinates":[-74.47191,42.42903]},"properties":{"cat":"viewpoint","name":"Waterfall observation deck"}},{"type":"Feature","geometry":{"type":"Point","coordinates":[-73.8305,41.31162]},"properties":{"cat":"viewpoint","name":"Giant Boulder"}},{"type":"Feature","geometry":{"type":"Point","coordinates":[-73.82814,41.30503]},"properties":{"cat":"viewpoint","name":"UO"}},{"type":"Feature","geometry":{"type":"Point","coordinates":[-74.00119,41.73619]},"properties":{"cat":"water"}},{"type":"Feature","geometry":{"type":"Point","coordinates":[-73.79477,41.68683]},"properties":{"cat":"water"}},{"type":"Feature","geometry":{"type":"Point","coordinates":[-73.40392,41.15327]},"properties":{"cat":"viewpoint","name":"Grumman ave/ Merritt pkwy bridge"}},{"type":"Feature","geometry":{"type":"Point","coordinates":[-73.57611,41.23369]},"properties":{"cat":"viewpoint","name":"Raven Rocks Overlook | 68"}},{"type":"Feature","geometry":{"type":"Point","coordinates":[-73.54321,41.25063]},"properties":{"cat":"trailhead"}},{"type":"Feature","geometry":{"type":"Point","coordinates":[-73.60316,41.24298]},"properties":{"cat":"viewpoint","name":"Leatherman Overlook"}},{"type":"Feature","geometry":{"type":"Point","coordinates":[-73.35303,41.93442]},"properties":{"cat":"viewpoint","name":"Lookout Point"}},{"type":"Feature","geometry":{"type":"Point","coordinates":[-73.59233,41.22462]},"properties":{"cat":"viewpoint","name":"Spy Rock Overlook"}},{"type":"Feature","geometry":{"type":"Point","coordinates":[-73.80619,42.35639]},"properties":{"cat":"fire","name":"D. M. Hamilton Steamer Company #2"}},{"type":"Feature","geometry":{"type":"Point","coordinates":[-74.05896,42.18491]},"properties":{"cat":"viewpoint","name":"Inspiration Point"}},{"type":"Feature","geometry":{"type":"Point","coordinates":[-73.96509,41.21248]},"properties":{"cat":"water"}},{"type":"Feature","geometry":{"type":"Point","coordinates":[-73.37535,42.21025]},"properties":{"cat":"viewpoint","name":"SRIT The Forest for the Trees"}},{"type":"Feature","geometry":{"type":"Point","coordinates":[-73.37902,42.20734]},"properties":{"cat":"viewpoint","name":"SRIT Back to Civilization?"}},{"type":"Feature","geometry":{"type":"Point","coordinates":[-73.37653,42.21151]},"properties":{"cat":"viewpoint","name":"SRIT Stone and Ice"}},{"type":"Feature","geometry":{"type":"Point","coordinates":[-73.37333,42.20755]},"properties":{"cat":"viewpoint","name":"Simon's Rock"}},{"type":"Feature","geometry":{"type":"Point","coordinates":[-73.37693,42.20724]},"properties":{"cat":"viewpoint","name":"SRIT Land Resources, Water Resources II"}},{"type":"Feature","geometry":{"type":"Point","coordinates":[-73.37857,42.21128]},"properties":{"cat":"viewpoint","name":"SRIT Water in and upon the Earth"}},{"type":"Feature","geometry":{"type":"Point","coordinates":[-73.37529,42.20769]},"properties":{"cat":"viewpoint","name":"SRIT Land Resources, Water Resources I"}},{"type":"Feature","geometry":{"type":"Point","coordinates":[-74.84796,41.26338]},"properties":{"cat":"trailhead","name":"McDade Trailhead-Conashaugh"}},{"type":"Feature","geometry":{"type":"Point","coordinates":[-73.38076,42.20837]},"properties":{"cat":"shelter"}},{"type":"Feature","geometry":{"type":"Point","coordinates":[-73.92262,41.37239]},"properties":{"cat":"viewpoint","name":"Polly's Lookout (view sw obs)"}},{"type":"Feature","geometry":{"type":"Point","coordinates":[-73.92915,41.37593]},"properties":{"cat":"viewpoint","name":"view of West Point"}},{"type":"Feature","geometry":{"type":"Point","coordinates":[-74.00686,41.3114]},"properties":{"cat":"water"}},{"type":"Feature","geometry":{"type":"Point","coordinates":[-73.9973,41.28325]},"properties":{"cat":"shelter"}},{"type":"Feature","geometry":{"type":"Point","coordinates":[-73.61059,41.26966]},"properties":{"cat":"trailhead"}},{"type":"Feature","geometry":{"type":"Point","coordinates":[-73.6115,41.26845]},"properties":{"cat":"trailhead"}},{"type":"Feature","geometry":{"type":"Point","coordinates":[-74.73583,41.23936]},"properties":{"cat":"water","name":"Artesian Spring"}},{"type":"Feature","geometry":{"type":"Point","coordinates":[-74.71777,41.21957]},"properties":{"cat":"viewpoint","name":"Sunrise Moutain Overlook"}},{"type":"Feature","geometry":{"type":"Point","coordinates":[-73.91948,42.02527]},"properties":{"cat":"viewpoint","name":"bay view"}},{"type":"Feature","geometry":{"type":"Point","coordinates":[-73.91565,42.01961]},"properties":{"cat":"viewpoint","name":"falls view"}},{"type":"Feature","geometry":{"type":"Point","coordinates":[-73.9169,42.01692]},"properties":{"cat":"viewpoint","name":"falls view"}},{"type":"Feature","geometry":{"type":"Point","coordinates":[-73.91501,41.32927]},"properties":{"cat":"fire","name":"Continental Village Fire Department"}},{"type":"Feature","geometry":{"type":"Point","coordinates":[-73.82654,41.47244]},"properties":{"cat":"viewpoint","name":"view south, lake, beach"}},{"type":"Feature","geometry":{"type":"Point","coordinates":[-73.4834,42.33617]},"properties":{"cat":"shelter","name":"Chance of Thunder Lean-to"}},{"type":"Feature","geometry":{"type":"Point","coordinates":[-74.74344,42.19529]},"properties":{"cat":"viewpoint","name":"Palmer Hill Outlook"}},{"type":"Feature","geometry":{"type":"Point","coordinates":[-73.44042,42.31468]},"properties":{"cat":"shelter","name":"Harvey mountain lean-to"}},{"type":"Feature","geometry":{"type":"Point","coordinates":[-74.02408,42.21739]},"properties":{"cat":"viewpoint","name":"Rip's Rock"}},{"type":"Feature","geometry":{"type":"Point","coordinates":[-74.02595,42.23868]},"properties":{"cat":"shelter","name":"lean-to"}},{"type":"Feature","geometry":{"type":"Point","coordinates":[-73.76592,42.26561]},"properties":{"cat":"shelter"}},{"type":"Feature","geometry":{"type":"Point","coordinates":[-73.67175,41.42045]},"properties":{"cat":"shelter","name":"pavillion"}},{"type":"Feature","geometry":{"type":"Point","coordinates":[-74.83036,41.29114]},"properties":{"cat":"trailhead","name":"McDade Trailhead-Pittman Orchard"}},{"type":"Feature","geometry":{"type":"Point","coordinates":[-73.52993,41.50067]},"properties":{"cat":"trailhead"}},{"type":"Feature","geometry":{"type":"Point","coordinates":[-73.52988,41.50169]},"properties":{"cat":"trailhead"}},{"type":"Feature","geometry":{"type":"Point","coordinates":[-74.18588,41.5464]},"properties":{"cat":"viewpoint","name":"Peter's Point"}},{"type":"Feature","geometry":{"type":"Point","coordinates":[-74.52055,41.27224]},"properties":{"cat":"water"}},{"type":"Feature","geometry":{"type":"Point","coordinates":[-73.84096,41.43201]},"properties":{"cat":"viewpoint","name":"south, two lakes"}},{"type":"Feature","geometry":{"type":"Point","coordinates":[-73.83924,41.43126]},"properties":{"cat":"viewpoint","name":"sw, lake view"}},{"type":"Feature","geometry":{"type":"Point","coordinates":[-73.94437,41.89194]},"properties":{"cat":"viewpoint","name":"Cove Point"}},{"type":"Feature","geometry":{"type":"Point","coordinates":[-73.94222,41.89265]},"properties":{"cat":"viewpoint","name":"Umbrella Point"}},{"type":"Feature","geometry":{"type":"Point","coordinates":[-74.13336,41.25817]},"properties":{"cat":"viewpoint","name":"Lemon squeezer rock gap"}},{"type":"Feature","geometry":{"type":"Point","coordinates":[-74.86948,41.20855]},"properties":{"cat":"water"}},{"type":"Feature","geometry":{"type":"Point","coordinates":[-74.4849,41.57622]},"properties":{"cat":"shelter"}},{"type":"Feature","geometry":{"type":"Point","coordinates":[-74.53673,41.51549]},"properties":{"cat":"water"}},{"type":"Feature","geometry":{"type":"Point","coordinates":[-73.8609,41.15177]},"properties":{"cat":"water"}},{"type":"Feature","geometry":{"type":"Point","coordinates":[-74.80369,41.32476]},"properties":{"cat":"shelter"}},{"type":"Feature","geometry":{"type":"Point","coordinates":[-73.45695,41.25629]},"properties":{"cat":"water"}},{"type":"Feature","geometry":{"type":"Point","coordinates":[-73.37755,41.96746]},"properties":{"cat":"water"}},{"type":"Feature","geometry":{"type":"Point","coordinates":[-73.35082,42.05749]},"properties":{"cat":"trailhead"}},{"type":"Feature","geometry":{"type":"Point","coordinates":[-74.22699,42.00796]},"properties":{"cat":"viewpoint","name":"West view"}},{"type":"Feature","geometry":{"type":"Point","coordinates":[-74.23233,41.92921]},"properties":{"cat":"viewpoint","name":"west view"}},{"type":"Feature","geometry":{"type":"Point","coordinates":[-73.92371,42.05161]},"properties":{"cat":"viewpoint","name":"Sycamore Point"}},{"type":"Feature","geometry":{"type":"Point","coordinates":[-74.03619,42.18125]},"properties":{"cat":"viewpoint","name":"Palenville Overlook"}},{"type":"Feature","geometry":{"type":"Point","coordinates":[-74.04059,42.18109]},"properties":{"cat":"viewpoint","name":"Indian Head"}},{"type":"Feature","geometry":{"type":"Point","coordinates":[-74.48535,41.57637]},"properties":{"cat":"water"}},{"type":"Feature","geometry":{"type":"Point","coordinates":[-73.45079,41.24053]},"properties":{"cat":"shelter"}},{"type":"Feature","geometry":{"type":"Point","coordinates":[-74.66453,41.31676]},"properties":{"cat":"viewpoint","name":"AT Observation Platform"}},{"type":"Feature","geometry":{"type":"Point","coordinates":[-74.66162,41.32095]},"properties":{"cat":"viewpoint","name":"High Point Monument"}},{"type":"Feature","geometry":{"type":"Point","coordinates":[-74.31111,42.08685]},"properties":{"cat":"viewpoint","name":"Phoenicia Overlook"}},{"type":"Feature","geometry":{"type":"Point","coordinates":[-73.9049,41.54794]},"properties":{"cat":"shelter"}},{"type":"Feature","geometry":{"type":"Point","coordinates":[-74.81766,41.30848]},"properties":{"cat":"viewpoint","name":"Riverview Overlook"}},{"type":"Feature","geometry":{"type":"Point","coordinates":[-74.1551,41.76675]},"properties":{"cat":"trailhead","name":"Labyrinth Trailhead"}},{"type":"Feature","geometry":{"type":"Point","coordinates":[-73.49179,42.37276]},"properties":{"cat":"viewpoint","name":"summit view"}},{"type":"Feature","geometry":{"type":"Point","coordinates":[-74.71265,41.35924]},"properties":{"cat":"fire","name":"Westfall Township Volunteer Fire Department"}},{"type":"Feature","geometry":{"type":"Point","coordinates":[-74.88048,41.20259]},"properties":{"cat":"trailhead","name":"McDade Trail - Schneider Farm Spur Trail"}},{"type":"Feature","geometry":{"type":"Point","coordinates":[-74.89638,41.24846]},"properties":{"cat":"fire","name":"Delaware Township Volunteer Fire Company Substation"}},{"type":"Feature","geometry":{"type":"Point","coordinates":[-73.97177,41.20402]},"properties":{"cat":"water"}},{"type":"Feature","geometry":{"type":"Point","coordinates":[-73.57157,42.39718]},"properties":{"cat":"shelter"}},{"type":"Feature","geometry":{"type":"Point","coordinates":[-74.44542,42.1034]},"properties":{"cat":"shelter"}},{"type":"Feature","geometry":{"type":"Point","coordinates":[-73.93622,41.7932]},"properties":{"cat":"shelter"}},{"type":"Feature","geometry":{"type":"Point","coordinates":[-73.78499,42.42746]},"properties":{"cat":"viewpoint","name":"River Overlook"}},{"type":"Feature","geometry":{"type":"Point","coordinates":[-74.20337,42.15978]},"properties":{"cat":"water"}},{"type":"Feature","geometry":{"type":"Point","coordinates":[-74.20313,42.15992]},"properties":{"cat":"water"}},{"type":"Feature","geometry":{"type":"Point","coordinates":[-74.07708,42.1123]},"properties":{"cat":"viewpoint","name":"view"}},{"type":"Feature","geometry":{"type":"Point","coordinates":[-74.08384,42.1112]},"properties":{"cat":"viewpoint","name":"Quarry view"}},{"type":"Feature","geometry":{"type":"Point","coordinates":[-73.46993,41.1654]},"properties":{"cat":"hospital","name":"Silver Hill Hospital"}},{"type":"Feature","geometry":{"type":"Point","coordinates":[-73.52744,41.51004]},"properties":{"cat":"trailhead"}},{"type":"Feature","geometry":{"type":"Point","coordinates":[-73.5242,41.51377]},"properties":{"cat":"trailhead"}},{"type":"Feature","geometry":{"type":"Point","coordinates":[-73.39166,41.88169]},"properties":{"cat":"shelter","name":"Pine Swamp Brook Lean-to"}},{"type":"Feature","geometry":{"type":"Point","coordinates":[-74.80412,41.25146]},"properties":{"cat":"fire","name":"Sandyston Volunteer Fire Department"}},{"type":"Feature","geometry":{"type":"Point","coordinates":[-73.63669,42.05015]},"properties":{"cat":"fire","name":"Ancram Fire Company"}},{"type":"Feature","geometry":{"type":"Point","coordinates":[-74.21851,42.28866]},"properties":{"cat":"fire","name":"Hensonville Hose Company"}},{"type":"Feature","geometry":{"type":"Point","coordinates":[-74.30375,42.2692]},"properties":{"cat":"fire","name":"Jewett Fire Department"}},{"type":"Feature","geometry":{"type":"Point","coordinates":[-73.68612,42.43941]},"properties":{"cat":"fire","name":"Niverrville Fire Department - Station 2"}},{"type":"Feature","geometry":{"type":"Point","coordinates":[-73.97154,41.60584]},"properties":{"cat":"fire","name":"Marlborough Fire Commissioner"}},{"type":"Feature","geometry":{"type":"Point","coordinates":[-74.23379,41.72649]},"properties":{"cat":"shelter"}},{"type":"Feature","geometry":{"type":"Point","coordinates":[-73.40135,41.46771]},"properties":{"cat":"trailhead"}},{"type":"Feature","geometry":{"type":"Point","coordinates":[-74.74053,41.56802]},"properties":{"cat":"fire","name":"Forestburgh Fire Company"}},{"type":"Feature","geometry":{"type":"Point","coordinates":[-74.72057,41.45665]},"properties":{"cat":"fire"}},{"type":"Feature","geometry":{"type":"Point","coordinates":[-74.00997,41.19693]},"properties":{"cat":"fire","name":"Proposed Thiells Headquarters"}},{"type":"Feature","geometry":{"type":"Point","coordinates":[-73.6197,41.39867]},"properties":{"cat":"fire"}},{"type":"Feature","geometry":{"type":"Point","coordinates":[-73.76372,41.37196]},"properties":{"cat":"fire","name":"Mahopac Falls Fire Department"}},{"type":"Feature","geometry":{"type":"Point","coordinates":[-73.5479,41.46061]},"properties":{"cat":"fire","name":"Putnam Lake Fire Department"}},{"type":"Feature","geometry":{"type":"Point","coordinates":[-74.61857,42.14828]},"properties":{"cat":"fire","name":"Arkville Fire Department"}},{"type":"Feature","geometry":{"type":"Point","coordinates":[-73.61475,41.34331]},"properties":{"cat":"trailhead","name":"Ruth Walgreen Franklin & Winifred Fels Memorial Sanctuary"}},{"type":"Feature","geometry":{"type":"Point","coordinates":[-73.52044,41.38927]},"properties":{"cat":"water"}},{"type":"Feature","geometry":{"type":"Point","coordinates":[-73.52074,41.38913]},"properties":{"cat":"water"}},{"type":"Feature","geometry":{"type":"Point","coordinates":[-73.52004,41.3887]},"properties":{"cat":"water"}},{"type":"Feature","geometry":{"type":"Point","coordinates":[-73.52043,41.38853]},"properties":{"cat":"water"}},{"type":"Feature","geometry":{"type":"Point","coordinates":[-74.31511,41.40732]},"properties":{"cat":"water"}},{"type":"Feature","geometry":{"type":"Point","coordinates":[-74.19043,41.32914]},"properties":{"cat":"shelter","name":"Mill Pond Gazebo"}},{"type":"Feature","geometry":{"type":"Point","coordinates":[-74.74793,42.03837]},"properties":{"cat":"water"}},{"type":"Feature","geometry":{"type":"Point","coordinates":[-74.7445,42.03691]},"properties":{"cat":"water"}},{"type":"Feature","geometry":{"type":"Point","coordinates":[-74.74655,42.03816]},"properties":{"cat":"water"}},{"type":"Feature","geometry":{"type":"Point","coordinates":[-74.7455,42.03747]},"properties":{"cat":"water"}},{"type":"Feature","geometry":{"type":"Point","coordinates":[-74.74717,42.0373]},"properties":{"cat":"water"}},{"type":"Feature","geometry":{"type":"Point","coordinates":[-74.74567,42.03659]},"properties":{"cat":"water"}},{"type":"Feature","geometry":{"type":"Point","coordinates":[-74.74249,42.035]},"properties":{"cat":"water"}},{"type":"Feature","geometry":{"type":"Point","coordinates":[-74.74381,42.03757]},"properties":{"cat":"water"}},{"type":"Feature","geometry":{"type":"Point","coordinates":[-74.7429,42.03534]},"properties":{"cat":"water"}},{"type":"Feature","geometry":{"type":"Point","coordinates":[-74.74343,42.03685]},"properties":{"cat":"water"}},{"type":"Feature","geometry":{"type":"Point","coordinates":[-74.74226,42.03548]},"properties":{"cat":"water"}},{"type":"Feature","geometry":{"type":"Point","coordinates":[-74.74515,42.03599]},"properties":{"cat":"water"}},{"type":"Feature","geometry":{"type":"Point","coordinates":[-74.74664,42.03698]},"properties":{"cat":"water"}},{"type":"Feature","geometry":{"type":"Point","coordinates":[-74.74288,42.03575]},"properties":{"cat":"water"}},{"type":"Feature","geometry":{"type":"Point","coordinates":[-74.74206,42.0349]},"properties":{"cat":"water"}},{"type":"Feature","geometry":{"type":"Point","coordinates":[-73.67689,41.33791]},"properties":{"cat":"shelter"}},{"type":"Feature","geometry":{"type":"Point","coordinates":[-74.44507,41.21362]},"properties":{"cat":"viewpoint","name":"Pinwheel Vista"}},{"type":"Feature","geometry":{"type":"Point","coordinates":[-73.57866,41.33992]},"properties":{"cat":"trailhead"}},{"type":"Feature","geometry":{"type":"Point","coordinates":[-73.5797,41.341]},"properties":{"cat":"trailhead"}},{"type":"Feature","geometry":{"type":"Point","coordinates":[-74.35822,42.03641]},"properties":{"cat":"water"}},{"type":"Feature","geometry":{"type":"Point","coordinates":[-74.08153,42.12558]},"properties":{"cat":"viewpoint","name":"Panther Point"}},{"type":"Feature","geometry":{"type":"Point","coordinates":[-74.07381,42.12063]},"properties":{"cat":"viewpoint","name":"view north"}},{"type":"Feature","geometry":{"type":"Point","coordinates":[-74.69772,41.3794]},"properties":{"cat":"viewpoint","name":"Park Avenue Observatory"}},{"type":"Feature","geometry":{"type":"Point","coordinates":[-74.21365,41.99147]},"properties":{"cat":"trailhead"}},{"type":"Feature","geometry":{"type":"Point","coordinates":[-74.46508,42.11333]},"properties":{"cat":"viewpoint","name":"partial view north"}},{"type":"Feature","geometry":{"type":"Point","coordinates":[-74.4654,42.10928]},"properties":{"cat":"viewpoint","name":"partial view south"}},{"type":"Feature","geometry":{"type":"Point","coordinates":[-73.40403,41.16292]},"properties":{"cat":"water"}},{"type":"Feature","geometry":{"type":"Point","coordinates":[-73.40567,41.16315]},"properties":{"cat":"water"}},{"type":"Feature","geometry":{"type":"Point","coordinates":[-73.92907,41.6586]},"properties":{"cat":"fire","name":"Arlington Fire District Croft Corners Fire Company"}},{"type":"Feature","geometry":{"type":"Point","coordinates":[-73.99503,41.5657]},"properties":{"cat":"shelter"}},{"type":"Feature","geometry":{"type":"Point","coordinates":[-73.98636,41.56615]},"properties":{"cat":"shelter"}},{"type":"Feature","geometry":{"type":"Point","coordinates":[-73.43028,42.27514]},"properties":{"cat":"viewpoint","name":"view east"}},{"type":"Feature","geometry":{"type":"Point","coordinates":[-73.44031,42.26429]},"properties":{"cat":"viewpoint","name":"clear cut view north"}},{"type":"Feature","geometry":{"type":"Point","coordinates":[-73.86671,41.71013]},"properties":{"cat":"water"}},{"type":"Feature","geometry":{"type":"Point","coordinates":[-73.93773,41.41009]},"properties":{"cat":"shelter","name":"Summerhouse Pavilion"}},{"type":"Feature","geometry":{"type":"Point","coordinates":[-74.13357,42.19132]},"properties":{"cat":"water"}},{"type":"Feature","geometry":{"type":"Point","coordinates":[-73.80939,41.29267]},"properties":{"cat":"water"}},{"type":"Feature","geometry":{"type":"Point","coordinates":[-74.01412,42.24754]},"properties":{"cat":"viewpoint","name":"Polly's Rock"}},{"type":"Feature","geometry":{"type":"Point","coordinates":[-74.67147,41.30541]},"properties":{"cat":"water"}},{"type":"Feature","geometry":{"type":"Point","coordinates":[-73.53737,42.01938]},"properties":{"cat":"viewpoint","name":"Gentian Hill"}},{"type":"Feature","geometry":{"type":"Point","coordinates":[-73.54014,42.02729]},"properties":{"cat":"viewpoint","name":"Kite Hill Gazebo"}},{"type":"Feature","geometry":{"type":"Point","coordinates":[-73.5335,42.00904]},"properties":{"cat":"viewpoint","name":"Summit View"}},{"type":"Feature","geometry":{"type":"Point","coordinates":[-73.57005,42.05159]},"properties":{"cat":"viewpoint","name":"Wetland Overlook"}},{"type":"Feature","geometry":{"type":"Point","coordinates":[-74.11626,42.22316]},"properties":{"cat":"viewpoint","name":"Catskill mountains view"}},{"type":"Feature","geometry":{"type":"Point","coordinates":[-73.37954,42.41341]},"properties":{"cat":"viewpoint","name":"Richmond's Overlook"}},{"type":"Feature","geometry":{"type":"Point","coordinates":[-74.01879,42.21766]},"properties":{"cat":"viewpoint","name":"Manitou Ledge"}},{"type":"Feature","geometry":{"type":"Point","coordinates":[-74.62645,42.12992]},"properties":{"cat":"shelter","name":"Pakatakan Mountain Shelter"}},{"type":"Feature","geometry":{"type":"Point","coordinates":[-74.36728,41.78223]},"properties":{"cat":"viewpoint","name":"Lyon Lake overlook"}},{"type":"Feature","geometry":{"type":"Point","coordinates":[-73.73265,41.95832]},"properties":{"cat":"viewpoint","name":"Catskill Lookout"}},{"type":"Feature","geometry":{"type":"Point","coordinates":[-74.30287,42.10728]},"properties":{"cat":"viewpoint","name":"Chichester Overlook"}},{"type":"Feature","geometry":{"type":"Point","coordinates":[-74.37069,42.17461]},"properties":{"cat":"viewpoint","name":"view south"}},{"type":"Feature","geometry":{"type":"Point","coordinates":[-73.98006,41.424]},"properties":{"cat":"viewpoint","name":"Pitching Point"}},{"type":"Feature","geometry":{"type":"Point","coordinates":[-73.50447,41.65465]},"properties":{"cat":"viewpoint","name":"Amy's Lookout"}},{"type":"Feature","geometry":{"type":"Point","coordinates":[-74.09386,41.35973]},"properties":{"cat":"viewpoint","name":"Legacy Ridge Viewpoint"}},{"type":"Feature","geometry":{"type":"Point","coordinates":[-73.61947,41.39166]},"properties":{"cat":"trailhead","name":"The Diverting Reservoir Trail"}},{"type":"Feature","geometry":{"type":"Point","coordinates":[-74.14888,42.01034]},"properties":{"cat":"viewpoint","name":"view south"}},{"type":"Feature","geometry":{"type":"Point","coordinates":[-74.37657,42.07249]},"properties":{"cat":"viewpoint","name":"Lookout"}},{"type":"Feature","geometry":{"type":"Point","coordinates":[-74.38643,42.0744]},"properties":{"cat":"viewpoint","name":"Menla Peak ledges"}},{"type":"Feature","geometry":{"type":"Point","coordinates":[-73.44053,41.73339]},"properties":{"cat":"viewpoint","name":"View West"}},{"type":"Feature","geometry":{"type":"Point","coordinates":[-73.4736,41.63055]},"properties":{"cat":"shelter"}},{"type":"Feature","geometry":{"type":"Point","coordinates":[-73.45113,41.58343]},"properties":{"cat":"shelter"}},{"type":"Feature","geometry":{"type":"Point","coordinates":[-73.45705,41.59217]},"properties":{"cat":"shelter"}},{"type":"Feature","geometry":{"type":"Point","coordinates":[-74.01197,41.4619]},"properties":{"cat":"shelter"}},{"type":"Feature","geometry":{"type":"Point","coordinates":[-73.69487,41.30796]},"properties":{"cat":"shelter"}},{"type":"Feature","geometry":{"type":"Point","coordinates":[-74.71113,41.20152]},"properties":{"cat":"water"}},{"type":"Feature","geometry":{"type":"Point","coordinates":[-73.38312,41.70656]},"properties":{"cat":"water"}},{"type":"Feature","geometry":{"type":"Point","coordinates":[-74.08719,42.11869]},"properties":{"cat":"shelter","name":"Devil's Kitchen Lean-to"}},{"type":"Feature","geometry":{"type":"Point","coordinates":[-74.70696,41.9512]},"properties":{"cat":"trailhead"}},{"type":"Feature","geometry":{"type":"Point","coordinates":[-73.79608,42.25666]},"properties":{"cat":"water"}},{"type":"Feature","geometry":{"type":"Point","coordinates":[-74.13169,42.19593]},"properties":{"cat":"fire","name":"Tannersville Fire Department"}},{"type":"Feature","geometry":{"type":"Point","coordinates":[-74.40647,42.01341]},"properties":{"cat":"viewpoint","name":"Compass Rock"}},{"type":"Feature","geometry":{"type":"Point","coordinates":[-73.9983,41.88238]},"properties":{"cat":"viewpoint","name":"Windy Nook"}},{"type":"Feature","geometry":{"type":"Point","coordinates":[-74.16782,42.2212]},"properties":{"cat":"viewpoint","name":"Parker Mountain Lookout"}},{"type":"Feature","geometry":{"type":"Point","coordinates":[-74.16897,42.22213]},"properties":{"cat":"viewpoint","name":"Hunter Lookout"}},{"type":"Feature","geometry":{"type":"Point","coordinates":[-73.46839,41.98499]},"properties":{"cat":"viewpoint","name":"partial view"}},{"type":"Feature","geometry":{"type":"Point","coordinates":[-73.61589,41.3265]},"properties":{"cat":"trailhead","name":"Sporn Preserve"}},{"type":"Feature","geometry":{"type":"Point","coordinates":[-73.78756,42.35427]},"properties":{"cat":"trailhead","name":"Ferry Road Lot"}},{"type":"Feature","geometry":{"type":"Point","coordinates":[-73.86586,41.4447]},"properties":{"cat":"trailhead"}},{"type":"Feature","geometry":{"type":"Point","coordinates":[-74.25666,42.00899]},"properties":{"cat":"viewpoint","name":"Boiceville overlook"}},{"type":"Feature","geometry":{"type":"Point","coordinates":[-74.28778,41.99382]},"properties":{"cat":"viewpoint","name":"Quarry view"}},{"type":"Feature","geometry":{"type":"Point","coordinates":[-73.68125,41.3332]},"properties":{"cat":"trailhead","name":"Green Trail"}},{"type":"Feature","geometry":{"type":"Point","coordinates":[-74.4804,41.23573]},"properties":{"cat":"trailhead","name":"Appalachian Trail Entrance - Route 517"}},{"type":"Feature","geometry":{"type":"Point","coordinates":[-74.05407,42.23455]},"properties":{"cat":"viewpoint","name":"Little Stoppel"}},{"type":"Feature","geometry":{"type":"Point","coordinates":[-73.65113,41.33571]},"properties":{"cat":"water"}},{"type":"Feature","geometry":{"type":"Point","coordinates":[-73.62823,41.32065]},"properties":{"cat":"trailhead","name":"Bell-Blakely Preserve Trail"}},{"type":"Feature","geometry":{"type":"Point","coordinates":[-73.67313,41.33862]},"properties":{"cat":"trailhead","name":"Rhinoceros Creek Trail"}},{"type":"Feature","geometry":{"type":"Point","coordinates":[-73.66803,41.33892]},"properties":{"cat":"trailhead","name":"Rhinoceros Creek Reservation"}},{"type":"Feature","geometry":{"type":"Point","coordinates":[-73.6702,41.33865]},"properties":{"cat":"trailhead","name":"Rhinoceros Creek"}},{"type":"Feature","geometry":{"type":"Point","coordinates":[-74.02672,42.25469]},"properties":{"cat":"viewpoint","name":"Falls view"}},{"type":"Feature","geometry":{"type":"Point","coordinates":[-74.19851,42.34383]},"properties":{"cat":"viewpoint","name":"Lake Heloise overlook"}},{"type":"Feature","geometry":{"type":"Point","coordinates":[-73.67004,41.33986]},"properties":{"cat":"shelter"}},{"type":"Feature","geometry":{"type":"Point","coordinates":[-73.97606,41.32253]},"properties":{"cat":"trailhead"}},{"type":"Feature","geometry":{"type":"Point","coordinates":[-74.07226,42.13029]},"properties":{"cat":"viewpoint","name":"Paradise Point"}},{"type":"Feature","geometry":{"type":"Point","coordinates":[-74.02193,42.20738]},"properties":{"cat":"viewpoint","name":"Orchard Point"}},{"type":"Feature","geometry":{"type":"Point","coordinates":[-74.37703,42.16794]},"properties":{"cat":"shelter","name":"old bus"}},{"type":"Feature","geometry":{"type":"Point","coordinates":[-74.12729,41.82605]},"properties":{"cat":"fire","name":"High Falls Fire District"}},{"type":"Feature","geometry":{"type":"Point","coordinates":[-74.08468,41.75408]},"properties":{"cat":"water"}},{"type":"Feature","geometry":{"type":"Point","coordinates":[-73.72926,41.37384]},"properties":{"cat":"water"}},{"type":"Feature","geometry":{"type":"Point","coordinates":[-74.13227,41.82931]},"properties":{"cat":"viewpoint","name":"High Falls"}},{"type":"Feature","geometry":{"type":"Point","coordinates":[-74.05893,41.42529]},"properties":{"cat":"water"}},{"type":"Feature","geometry":{"type":"Point","coordinates":[-73.58296,41.25307]},"properties":{"cat":"shelter","name":"Camp Site #22"}},{"type":"Feature","geometry":{"type":"Point","coordinates":[-73.58337,41.25362]},"properties":{"cat":"shelter","name":"Camp Site #21"}},{"type":"Feature","geometry":{"type":"Point","coordinates":[-73.58508,41.25673]},"properties":{"cat":"shelter","name":"Lean-to Shelter #13"}},{"type":"Feature","geometry":{"type":"Point","coordinates":[-74.38,42.2447]},"properties":{"cat":"fire"}},{"type":"Feature","geometry":{"type":"Point","coordinates":[-74.69693,41.35946]},"properties":{"cat":"trailhead"}},{"type":"Feature","geometry":{"type":"Point","coordinates":[-73.80381,41.34186]},"properties":{"cat":"trailhead","name":"Danner Family Preserve"}},{"type":"Feature","geometry":{"type":"Point","coordinates":[-73.49804,41.87096]},"properties":{"cat":"trailhead","name":"Benton Hill Preserve - Route 343 Spur"}},{"type":"Feature","geometry":{"type":"Point","coordinates":[-74.24157,41.52541]},"properties":{"cat":"shelter"}},{"type":"Feature","geometry":{"type":"Point","coordinates":[-73.44954,42.07381]},"properties":{"cat":"viewpoint","name":"Pond overlook"}},{"type":"Feature","geometry":{"type":"Point","coordinates":[-73.7141,41.30322]},"properties":{"cat":"water"}},{"type":"Feature","geometry":{"type":"Point","coordinates":[-73.72631,41.37631]},"properties":{"cat":"fire","name":"Mahopac Volunteer Fire Department"}},{"type":"Feature","geometry":{"type":"Point","coordinates":[-73.60755,41.27017]},"properties":{"cat":"trailhead"}},{"type":"Feature","geometry":{"type":"Point","coordinates":[-74.33903,41.19471]},"properties":{"cat":"viewpoint","name":"Prospect Rock"}},{"type":"Feature","geometry":{"type":"Point","coordinates":[-74.76318,41.3123]},"properties":{"cat":"fire"}},{"type":"Feature","geometry":{"type":"Point","coordinates":[-74.6819,41.27778]},"properties":{"cat":"viewpoint","name":"Dutch Shoe Rock"}},{"type":"Feature","geometry":{"type":"Point","coordinates":[-74.61925,41.70011]},"properties":{"cat":"trailhead","name":"Willow Heights Trailhead"}},{"type":"Feature","geometry":{"type":"Point","coordinates":[-74.62168,41.70388]},"properties":{"cat":"trailhead","name":"Dogpatch Trailhead"}},{"type":"Feature","geometry":{"type":"Point","coordinates":[-74.63174,41.71104]},"properties":{"cat":"trailhead"}},{"type":"Feature","geometry":{"type":"Point","coordinates":[-74.07133,41.23473]},"properties":{"cat":"water"}},{"type":"Feature","geometry":{"type":"Point","coordinates":[-73.51456,42.16662]},"properties":{"cat":"viewpoint","name":"Overlook"}},{"type":"Feature","geometry":{"type":"Point","coordinates":[-73.51636,41.21412]},"properties":{"cat":"fire","name":"Vista Fire Department"}},{"type":"Feature","geometry":{"type":"Point","coordinates":[-74.68683,41.24254]},"properties":{"cat":"viewpoint","name":"Spanish Overlook"}},{"type":"Feature","geometry":{"type":"Point","coordinates":[-74.77472,41.20698]},"properties":{"cat":"shelter"}},{"type":"Feature","geometry":{"type":"Point","coordinates":[-73.67453,41.17609]},"properties":{"cat":"shelter"}},{"type":"Feature","geometry":{"type":"Point","coordinates":[-74.18561,41.73088]},"properties":{"cat":"water"}},{"type":"Feature","geometry":{"type":"Point","coordinates":[-73.47397,41.24653]},"properties":{"cat":"trailhead","name":"Purple and Orange Trail"}},{"type":"Feature","geometry":{"type":"Point","coordinates":[-73.4748,41.24834]},"properties":{"cat":"trailhead"}},{"type":"Feature","geometry":{"type":"Point","coordinates":[-73.47624,41.24547]},"properties":{"cat":"trailhead","name":"Purple Trail Access Point"}},{"type":"Feature","geometry":{"type":"Point","coordinates":[-73.47432,41.24808]},"properties":{"cat":"trailhead","name":"Red Trail"}},{"type":"Feature","geometry":{"type":"Point","coordinates":[-73.47221,41.24408]},"properties":{"cat":"trailhead","name":"Orange Trail"}},{"type":"Feature","geometry":{"type":"Point","coordinates":[-73.47192,41.24334]},"properties":{"cat":"trailhead","name":"Orange Trail"}},{"type":"Feature","geometry":{"type":"Point","coordinates":[-73.47444,41.23891]},"properties":{"cat":"trailhead","name":"Orange Trail"}},{"type":"Feature","geometry":{"type":"Point","coordinates":[-73.47004,41.24023]},"properties":{"cat":"trailhead","name":"Orange Trail"}},{"type":"Feature","geometry":{"type":"Point","coordinates":[-73.53802,41.25062]},"properties":{"cat":"trailhead"}},{"type":"Feature","geometry":{"type":"Point","coordinates":[-73.53061,41.25954]},"properties":{"cat":"trailhead"}},{"type":"Feature","geometry":{"type":"Point","coordinates":[-73.61609,41.2739]},"properties":{"cat":"trailhead"}},{"type":"Feature","geometry":{"type":"Point","coordinates":[-74.5851,41.30925]},"properties":{"cat":"shelter","name":"secret shelter"}},{"type":"Feature","geometry":{"type":"Point","coordinates":[-74.7942,41.17828]},"properties":{"cat":"water"}},{"type":"Feature","geometry":{"type":"Point","coordinates":[-74.66539,41.31987]},"properties":{"cat":"water"}},{"type":"Feature","geometry":{"type":"Point","coordinates":[-73.38346,42.43893]},"properties":{"cat":"viewpoint","name":"Suspended overlook"}},{"type":"Feature","geometry":{"type":"Point","coordinates":[-73.81825,41.25734]},"properties":{"cat":"trailhead","name":"Hemlock Brook Preserve Trailhead"}},{"type":"Feature","geometry":{"type":"Point","coordinates":[-73.64492,41.28801]},"properties":{"cat":"trailhead","name":"Mt Holly Sanctuary Trailhead"}},{"type":"Feature","geometry":{"type":"Point","coordinates":[-73.63268,41.28169]},"properties":{"cat":"trailhead","name":"Mt Holly Sanctuary Trailhead"}},{"type":"Feature","geometry":{"type":"Point","coordinates":[-73.36317,42.19378]},"properties":{"cat":"water"}},{"type":"Feature","geometry":{"type":"Point","coordinates":[-74.12746,41.34494]},"properties":{"cat":"fire","name":"Woodbury Fire District"}},{"type":"Feature","geometry":{"type":"Point","coordinates":[-73.66379,41.20564]},"properties":{"cat":"trailhead","name":"Guard Hill Preserve Trail"}},{"type":"Feature","geometry":{"type":"Point","coordinates":[-73.64948,41.20025]},"properties":{"cat":"trailhead","name":"Guard Hill Preserve Trail"}},{"type":"Feature","geometry":{"type":"Point","coordinates":[-73.68599,41.17947]},"properties":{"cat":"viewpoint","name":"Hawk Watch"}},{"type":"Feature","geometry":{"type":"Point","coordinates":[-73.93155,41.28755]},"properties":{"cat":"viewpoint","name":"Scenic Overlook"}},{"type":"Feature","geometry":{"type":"Point","coordinates":[-73.47308,41.32613]},"properties":{"cat":"water"}},{"type":"Feature","geometry":{"type":"Point","coordinates":[-74.22747,41.24942]},"properties":{"cat":"water"}},{"type":"Feature","geometry":{"type":"Point","coordinates":[-73.79528,41.56449]},"properties":{"cat":"viewpoint","name":"Emmadine Pond Boat Launch"}},{"type":"Feature","geometry":{"type":"Point","coordinates":[-73.9028,42.35094]},"properties":{"cat":"shelter"}},{"type":"Feature","geometry":{"type":"Point","coordinates":[-74.35704,41.25269]},"properties":{"cat":"water"}},{"type":"Feature","geometry":{"type":"Point","coordinates":[-73.39491,41.9809]},"properties":{"cat":"viewpoint","name":"Rand's View"}},{"type":"Feature","geometry":{"type":"Point","coordinates":[-73.40114,41.97369]},"properties":{"cat":"viewpoint","name":"Billy's View"}},{"type":"Feature","geometry":{"type":"Point","coordinates":[-73.96525,41.37866]},"properties":{"cat":"trailhead","name":"1st/1st Trail"}},{"type":"Feature","geometry":{"type":"Point","coordinates":[-73.79824,41.18417]},"properties":{"cat":"water"}},{"type":"Feature","geometry":{"type":"Point","coordinates":[-73.67702,42.41322]},"properties":{"cat":"shelter","name":"Joan Archer Pavilion"}},{"type":"Feature","geometry":{"type":"Point","coordinates":[-74.15653,41.76428]},"properties":{"cat":"viewpoint","name":"Thurston Rock"}},{"type":"Feature","geometry":{"type":"Point","coordinates":[-74.15625,41.76459]},"properties":{"cat":"viewpoint","name":"Hayes Lookout"}},{"type":"Feature","geometry":{"type":"Point","coordinates":[-73.86679,41.36763]},"properties":{"cat":"fire","name":"Putnam Valley Volunteer Fire Department"}},{"type":"Feature","geometry":{"type":"Point","coordinates":[-73.95197,41.24469]},"properties":{"cat":"viewpoint","name":"Brick Beach Overlook"}},{"type":"Feature","geometry":{"type":"Point","coordinates":[-73.42761,41.83067]},"properties":{"cat":"fire","name":"Sharon Fire Department Ellsworth Station"}},{"type":"Feature","geometry":{"type":"Point","coordinates":[-73.97475,41.77452]},"properties":{"cat":"viewpoint","name":"partial view"}},{"type":"Feature","geometry":{"type":"Point","coordinates":[-74.14795,41.15789]},"properties":{"cat":"viewpoint","name":"Russian Bear"}},{"type":"Feature","geometry":{"type":"Point","coordinates":[-74.14898,41.16101]},"properties":{"cat":"viewpoint","name":"Pulpit"}},{"type":"Feature","geometry":{"type":"Point","coordinates":[-74.1581,41.16113]},"properties":{"cat":"viewpoint","name":"Torne View"}},{"type":"Feature","geometry":{"type":"Point","coordinates":[-73.89093,41.22506]},"properties":{"cat":"viewpoint","name":"Highland Lookout"}},{"type":"Feature","geometry":{"type":"Point","coordinates":[-73.43298,41.27432]},"properties":{"cat":"trailhead","name":"Cross Trail"}},{"type":"Feature","geometry":{"type":"Point","coordinates":[-74.38247,41.7133]},"properties":{"cat":"shelter"}},{"type":"Feature","geometry":{"type":"Point","coordinates":[-73.82216,41.47445]},"properties":{"cat":"shelter","name":"Raymond Torrey Memorial Shelter"}},{"type":"Feature","geometry":{"type":"Point","coordinates":[-73.82356,41.47117]},"properties":{"cat":"water"}},{"type":"Feature","geometry":{"type":"Point","coordinates":[-73.66161,41.34804]},"properties":{"cat":"shelter"}},{"type":"Feature","geometry":{"type":"Point","coordinates":[-74.33526,42.30444]},"properties":{"cat":"fire","name":"Ashland Volunteer Fire Department"}},{"type":"Feature","geometry":{"type":"Point","coordinates":[-74.07618,42.1218]},"properties":{"cat":"viewpoint","name":"quarry wall"}},{"type":"Feature","geometry":{"type":"Point","coordinates":[-73.92919,41.71078]},"properties":{"cat":"shelter"}},{"type":"Feature","geometry":{"type":"Point","coordinates":[-73.95489,41.71072]},"properties":{"cat":"water"}},{"type":"Feature","geometry":{"type":"Point","coordinates":[-74.08843,41.27584]},"properties":{"cat":"water"}},{"type":"Feature","geometry":{"type":"Point","coordinates":[-73.58578,41.27625]},"properties":{"cat":"shelter"}},{"type":"Feature","geometry":{"type":"Point","coordinates":[-73.77071,42.1395]},"properties":{"cat":"shelter"}},{"type":"Feature","geometry":{"type":"Point","coordinates":[-73.89662,41.20723]},"properties":{"cat":"water"}},{"type":"Feature","geometry":{"type":"Point","coordinates":[-73.77398,41.15579]},"properties":{"cat":"water"}},{"type":"Feature","geometry":{"type":"Point","coordinates":[-73.82091,41.31009]},"properties":{"cat":"water"}},{"type":"Feature","geometry":{"type":"Point","coordinates":[-73.91208,41.93476]},"properties":{"cat":"shelter"}},{"type":"Feature","geometry":{"type":"Point","coordinates":[-74.01875,42.44196]},"properties":{"cat":"fire","name":"Town Of Westerlo Volunteer Fire Co., Inc. Station 2"}},{"type":"Feature","geometry":{"type":"Point","coordinates":[-74.21484,41.74472]},"properties":{"cat":"viewpoint","name":"Compass Rock"}},{"type":"Feature","geometry":{"type":"Point","coordinates":[-74.12981,42.43634]},"properties":{"cat":"fire","name":"Medusa Volunteer Fire Company"}},{"type":"Feature","geometry":{"type":"Point","coordinates":[-73.88255,41.1949]},"properties":{"cat":"fire","name":"Harmon Firehouse"}},{"type":"Feature","geometry":{"type":"Point","coordinates":[-74.21292,42.44897]},"properties":{"cat":"shelter"}},{"type":"Feature","geometry":{"type":"Point","coordinates":[-74.19905,41.34677]},"properties":{"cat":"trailhead"}},{"type":"Feature","geometry":{"type":"Point","coordinates":[-73.95836,41.2002]},"properties":{"cat":"shelter","name":"John T. Grant Gazebo"}},{"type":"Feature","geometry":{"type":"Point","coordinates":[-73.49975,41.28174]},"properties":{"cat":"fire","name":"Ridgefield Fire Department"}},{"type":"Feature","geometry":{"type":"Point","coordinates":[-73.41144,41.36953]},"properties":{"cat":"fire","name":"Bethel Fire Department"}},{"type":"Feature","geometry":{"type":"Point","coordinates":[-73.44413,41.40518]},"properties":{"cat":"hospital","name":"Danbury Hospital"}},{"type":"Feature","geometry":{"type":"Point","coordinates":[-73.43077,42.10324]},"properties":{"cat":"shelter","name":"Mount Everett Shelter"}},{"type":"Feature","geometry":{"type":"Point","coordinates":[-73.4149,42.16109]},"properties":{"cat":"fire","name":"Egremont Fire Department - Station 2"}},{"type":"Feature","geometry":{"type":"Point","coordinates":[-73.42907,42.19193]},"properties":{"cat":"fire","name":"Egremont Fire Department - Station 1"}},{"type":"Feature","geometry":{"type":"Point","coordinates":[-73.44275,42.19464]},"properties":{"cat":"shelter"}},{"type":"Feature","geometry":{"type":"Point","coordinates":[-73.35539,42.20224]},"properties":{"cat":"fire","name":"Great Barrington Fire Department"}},{"type":"Feature","geometry":{"type":"Point","coordinates":[-73.36816,42.37366]},"properties":{"cat":"fire","name":"Richmond Fire Department"}},{"type":"Feature","geometry":{"type":"Point","coordinates":[-73.35449,42.11053]},"properties":{"cat":"fire","name":"Sheffield Fire Department"}},{"type":"Feature","geometry":{"type":"Point","coordinates":[-74.69801,41.36391]},"properties":{"cat":"fire","name":"Matamoras Fire Department"}},{"type":"Feature","geometry":{"type":"Point","coordinates":[-74.28099,41.96826]},"properties":{"cat":"fire","name":"Olive Fire Department Company 3"}},{"type":"Feature","geometry":{"type":"Point","coordinates":[-74.27373,42.00944]},"properties":{"cat":"shelter"}},{"type":"Feature","geometry":{"type":"Point","coordinates":[-74.22122,42.02406]},"properties":{"cat":"shelter"}},{"type":"Feature","geometry":{"type":"Point","coordinates":[-74.53704,41.47479]},"properties":{"cat":"fire","name":"Otisville Fire Department"}},{"type":"Feature","geometry":{"type":"Point","coordinates":[-74.12046,41.72175]},"properties":{"cat":"shelter"}},{"type":"Feature","geometry":{"type":"Point","coordinates":[-74.12255,42.07095]},"properties":{"cat":"trailhead","name":"Overlook Mountain Trailhead"}},{"type":"Feature","geometry":{"type":"Point","coordinates":[-74.61637,41.37062]},"properties":{"cat":"fire","name":"Greenville Township Fire Department"}},{"type":"Feature","geometry":{"type":"Point","coordinates":[-74.36969,41.74353]},"properties":{"cat":"fire","name":"Napanoch Fire Station"}},{"type":"Feature","geometry":{"type":"Point","coordinates":[-73.55583,42.10695]},"properties":{"cat":"fire","name":"Copake Fire Company"}},{"type":"Feature","geometry":{"type":"Point","coordinates":[-73.60203,41.51481]},"properties":{"cat":"fire","name":"Patterson Fire Department"}},{"type":"Feature","geometry":{"type":"Point","coordinates":[-73.99279,41.91402]},"properties":{"cat":"shelter"}},{"type":"Feature","geometry":{"type":"Point","coordinates":[-73.96347,41.92763]},"properties":{"cat":"shelter"}},{"type":"Feature","geometry":{"type":"Point","coordinates":[-73.98053,41.92203]},"properties":{"cat":"shelter","name":"Pavilion"}},{"type":"Feature","geometry":{"type":"Point","coordinates":[-73.98129,41.91857]},"properties":{"cat":"shelter"}},{"type":"Feature","geometry":{"type":"Point","coordinates":[-73.9974,41.92794]},"properties":{"cat":"fire","name":"Central Fire Station"}},{"type":"Feature","geometry":{"type":"Point","coordinates":[-74.02274,41.93606]},"properties":{"cat":"fire","name":"Wiltwyck Fire Station"}},{"type":"Feature","geometry":{"type":"Point","coordinates":[-73.98464,41.92133]},"properties":{"cat":"fire"}},{"type":"Feature","geometry":{"type":"Point","coordinates":[-74.02951,41.93229]},"properties":{"cat":"shelter"}},{"type":"Feature","geometry":{"type":"Point","coordinates":[-73.99365,41.95313]},"properties":{"cat":"fire","name":"Ulster Hose Company No. 5"}},{"type":"Feature","geometry":{"type":"Point","coordinates":[-73.94414,42.00551]},"properties":{"cat":"shelter"}},{"type":"Feature","geometry":{"type":"Point","coordinates":[-73.98441,42.00421]},"properties":{"cat":"fire","name":"Ulster Hose Company #5 - Station #2"}},{"type":"Feature","geometry":{"type":"Point","coordinates":[-73.93866,42.06931]},"properties":{"cat":"shelter"}},{"type":"Feature","geometry":{"type":"Point","coordinates":[-73.94865,42.07106]},"properties":{"cat":"fire","name":"Saugerties Fire Department Station 2"}},{"type":"Feature","geometry":{"type":"Point","coordinates":[-73.94865,42.07098]},"properties":{"cat":"fire"}},{"type":"Feature","geometry":{"type":"Point","coordinates":[-73.98744,42.0381]},"properties":{"cat":"fire","name":"Mt Marion Fire Department"}},{"type":"Feature","geometry":{"type":"Point","coordinates":[-73.97254,42.09558]},"properties":{"cat":"fire","name":"Cedar Grove Fire Comany"}},{"type":"Feature","geometry":{"type":"Point","coordinates":[-74.01346,42.08384]},"properties":{"cat":"fire","name":"Centerville Fire Company"}},{"type":"Feature","geometry":{"type":"Point","coordinates":[-74.00195,42.14786]},"properties":{"cat":"fire","name":"Saxton Fire Company"}},{"type":"Feature","geometry":{"type":"Point","coordinates":[-74.01277,42.07604]},"properties":{"cat":"shelter"}},{"type":"Feature","geometry":{"type":"Point","coordinates":[-73.65917,41.29519]},"properties":{"cat":"fire","name":"Golden's Bridge Fire Department"}},{"type":"Feature","geometry":{"type":"Point","coordinates":[-74.50701,41.92974]},"properties":{"cat":"trailhead","name":"Dinch Road Trailhead"}},{"type":"Feature","geometry":{"type":"Point","coordinates":[-73.41416,41.57624]},"properties":{"cat":"shelter"}},{"type":"Feature","geometry":{"type":"Point","coordinates":[-73.49901,41.27524]},"properties":{"cat":"shelter"}},{"type":"Feature","geometry":{"type":"Point","coordinates":[-73.49613,41.30038]},"properties":{"cat":"shelter"}},{"type":"Feature","geometry":{"type":"Point","coordinates":[-73.5823,42.17338]},"properties":{"cat":"fire","name":"Copake Fire Company No. 1"}},{"type":"Feature","geometry":{"type":"Point","coordinates":[-74.31654,42.08442]},"properties":{"cat":"fire","name":"M.F. Witney Hose Co."}},{"type":"Feature","geometry":{"type":"Point","coordinates":[-74.1789,41.79719]},"properties":{"cat":"fire"}},{"type":"Feature","geometry":{"type":"Point","coordinates":[-74.10768,41.85478]},"properties":{"cat":"fire","name":"Cottekill Fire Company"}},{"type":"Feature","geometry":{"type":"Point","coordinates":[-74.06483,41.74613]},"properties":{"cat":"fire","name":"New Paltz Fire Department"}},{"type":"Feature","geometry":{"type":"Point","coordinates":[-74.01311,41.73746]},"properties":{"cat":"fire","name":"Highland Fire District Station 2"}},{"type":"Feature","geometry":{"type":"Point","coordinates":[-73.96441,41.71698]},"properties":{"cat":"fire","name":"Highland Fire District Station"}},{"type":"Feature","geometry":{"type":"Point","coordinates":[-73.71003,42.09403]},"properties":{"cat":"shelter","name":"Picnic Pavilion"}},{"type":"Feature","geometry":{"type":"Point","coordinates":[-73.94433,42.00601]},"properties":{"cat":"shelter"}},{"type":"Feature","geometry":{"type":"Point","coordinates":[-73.94383,42.00613]},"properties":{"cat":"shelter"}},{"type":"Feature","geometry":{"type":"Point","coordinates":[-73.91223,42.05886]},"properties":{"cat":"fire"}},{"type":"Feature","geometry":{"type":"Point","coordinates":[-73.90456,42.03012]},"properties":{"cat":"shelter"}},{"type":"Feature","geometry":{"type":"Point","coordinates":[-73.94003,41.23618]},"properties":{"cat":"shelter"}},{"type":"Feature","geometry":{"type":"Point","coordinates":[-73.94346,41.23484]},"properties":{"cat":"shelter"}},{"type":"Feature","geometry":{"type":"Point","coordinates":[-73.8879,41.69662]},"properties":{"cat":"fire","name":"Arlington Fire Station HQ"}},{"type":"Feature","geometry":{"type":"Point","coordinates":[-73.96671,41.50297]},"properties":{"cat":"fire","name":"William H. Mase Hook & Ladder Company Number 1"}},{"type":"Feature","geometry":{"type":"Point","coordinates":[-73.77828,42.24615]},"properties":{"cat":"hospital","name":"Columbia Memorial Hospital"}},{"type":"Feature","geometry":{"type":"Point","coordinates":[-73.78633,42.24909]},"properties":{"cat":"fire","name":"J.W. Hoysradt Hose & Chemical Co"}},{"type":"Feature","geometry":{"type":"Point","coordinates":[-73.90967,41.9268]},"properties":{"cat":"fire","name":"Rhinebeck Fire Department"}},{"type":"Feature","geometry":{"type":"Point","coordinates":[-73.91297,41.93534]},"properties":{"cat":"hospital","name":"Northern Dutchess Hospital"}},{"type":"Feature","geometry":{"type":"Point","coordinates":[-73.87677,41.98916]},"properties":{"cat":"fire","name":"Red Hook Fire Department"}},{"type":"Feature","geometry":{"type":"Point","coordinates":[-73.96108,41.50105]},"properties":{"cat":"fire","name":"Beacon Hose Company Number 1"}},{"type":"Feature","geometry":{"type":"Point","coordinates":[-73.95678,41.4192]},"properties":{"cat":"fire","name":"Cold Spring Fire Company No. 1"}},{"type":"Feature","geometry":{"type":"Point","coordinates":[-73.78086,42.24983]},"properties":{"cat":"fire","name":"City of Hudson Fire Department"}},{"type":"Feature","geometry":{"type":"Point","coordinates":[-73.97675,41.90824]},"properties":{"cat":"fire","name":"Port Ewen Fire Department Station 2"}},{"type":"Feature","geometry":{"type":"Point","coordinates":[-74.67487,41.73277]},"properties":{"cat":"fire"}},{"type":"Feature","geometry":{"type":"Point","coordinates":[-73.81454,42.26092]},"properties":{"cat":"fire","name":"Athens Volunteer Fire Department"}},{"type":"Feature","geometry":{"type":"Point","coordinates":[-73.91887,41.70147]},"properties":{"cat":"fire","name":"Poughkeepsie Fire Department Station 2 (Headquarters)"}},{"type":"Feature","geometry":{"type":"Point","coordinates":[-73.91732,41.70023]},"properties":{"cat":"fire"}},{"type":"Feature","geometry":{"type":"Point","coordinates":[-74.01491,41.50341]},"properties":{"cat":"hospital","name":"Saint Luke's Cornwall Hospital"}},{"type":"Feature","geometry":{"type":"Point","coordinates":[-74.19687,42.18188]},"properties":{"cat":"trailhead"}},{"type":"Feature","geometry":{"type":"Point","coordinates":[-73.94886,41.40273]},"properties":{"cat":"shelter"}},{"type":"Feature","geometry":{"type":"Point","coordinates":[-74.48028,41.57516]},"properties":{"cat":"fire","name":"Wurtsboro Fire Department"}},{"type":"Feature","geometry":{"type":"Point","coordinates":[-73.97276,41.47966]},"properties":{"cat":"fire","name":"Dutchess Junction Fire Station"}},{"type":"Feature","geometry":{"type":"Point","coordinates":[-73.97772,41.50747]},"properties":{"cat":"fire","name":"City of Beacon Fire Department"}},{"type":"Feature","geometry":{"type":"Point","coordinates":[-74.00874,41.9296]},"properties":{"cat":"shelter"}},{"type":"Feature","geometry":{"type":"Point","coordinates":[-74.31907,42.07821]},"properties":{"cat":"trailhead","name":"Lane Street Trailhead"}},{"type":"Feature","geometry":{"type":"Point","coordinates":[-74.45178,42.11792]},"properties":{"cat":"trailhead","name":"Rochester Hollow Trailhead"}},{"type":"Feature","geometry":{"type":"Point","coordinates":[-73.93545,41.70666]},"properties":{"cat":"fire","name":"Poughkeepsie Fire Department Station 1"}},{"type":"Feature","geometry":{"type":"Point","coordinates":[-74.0845,41.74639]},"properties":{"cat":"fire","name":"New Paltz Fire Department"}},{"type":"Feature","geometry":{"type":"Point","coordinates":[-74.27582,41.35982]},"properties":{"cat":"fire"}},{"type":"Feature","geometry":{"type":"Point","coordinates":[-73.91281,41.68714]},"properties":{"cat":"fire","name":"Poughkeepsie Fire Station Number 7"}},{"type":"Feature","geometry":{"type":"Point","coordinates":[-73.94778,41.38253]},"properties":{"cat":"shelter"}},{"type":"Feature","geometry":{"type":"Point","coordinates":[-73.85355,41.67922]},"properties":{"cat":"fire","name":"Lagrange Fire District"}},{"type":"Feature","geometry":{"type":"Point","coordinates":[-73.91837,41.35924]},"properties":{"cat":"fire","name":"Garrison Fire House"}},{"type":"Feature","geometry":{"type":"Point","coordinates":[-73.46413,42.04773]},"properties":{"cat":"shelter","name":"AMC Northwest Camp"}},{"type":"Feature","geometry":{"type":"Point","coordinates":[-73.92396,41.70156]},"properties":{"cat":"fire","name":"Poughkeepsie Fire Department Lady Washington Engine Company 3 (Inactive/Historical)"}},{"type":"Feature","geometry":{"type":"Point","coordinates":[-74.03664,41.43427]},"properties":{"cat":"fire","name":"Highland Engine Company #1"}},{"type":"Feature","geometry":{"type":"Point","coordinates":[-73.36492,41.53114]},"properties":{"cat":"fire","name":"Bridgewater Volunteer Fire Company"}},{"type":"Feature","geometry":{"type":"Point","coordinates":[-73.96503,41.92957]},"properties":{"cat":"shelter","name":"Kingston Point Park Pavilion"}},{"type":"Feature","geometry":{"type":"Point","coordinates":[-73.80686,41.57252]},"properties":{"cat":"fire","name":"Hopewell Hose Fire Company Number 1"}},{"type":"Feature","geometry":{"type":"Point","coordinates":[-73.7692,42.24431]},"properties":{"cat":"fire","name":"Greenport Pumper Company Number 1"}},{"type":"Feature","geometry":{"type":"Point","coordinates":[-73.98605,41.33328]},"properties":{"cat":"fire","name":"Fort Montgomery Firehouse"}},{"type":"Feature","geometry":{"type":"Point","coordinates":[-74.00684,41.3115]},"properties":{"cat":"viewpoint","name":"Perkins Memorial Tower"}},{"type":"Feature","geometry":{"type":"Point","coordinates":[-73.9668,41.36894]},"properties":{"cat":"fire","name":"Highland Falls Firehouse"}},{"type":"Feature","geometry":{"type":"Point","coordinates":[-74.01682,41.37603]},"properties":{"cat":"fire","name":"West Point Fire Station 3"}},{"type":"Feature","geometry":{"type":"Point","coordinates":[-74.01518,41.44501]},"properties":{"cat":"shelter","name":"Cornwall-on-Hudson Bandstand"}},{"type":"Feature","geometry":{"type":"Point","coordinates":[-74.0144,41.44404]},"properties":{"cat":"fire","name":"Storm King Engine Company #2"}},{"type":"Feature","geometry":{"type":"Point","coordinates":[-74.04161,41.42434]},"properties":{"cat":"shelter"}},{"type":"Feature","geometry":{"type":"Point","coordinates":[-73.88271,41.20983]},"properties":{"cat":"fire","name":"Grand Street Firehouse"}},{"type":"Feature","geometry":{"type":"Point","coordinates":[-74.28394,41.3211]},"properties":{"cat":"fire","name":"Sugar Loaf Fire Department"}},{"type":"Feature","geometry":{"type":"Point","coordinates":[-74.12516,41.43265]},"properties":{"cat":"fire","name":"Salisbury Mills Fire Company"}},{"type":"Feature","geometry":{"type":"Point","coordinates":[-73.41366,41.53738]},"properties":{"cat":"shelter"}},{"type":"Feature","geometry":{"type":"Point","coordinates":[-73.87947,41.64192]},"properties":{"cat":"fire","name":"Red Oaks Mill Fire Co. (Station 3)"}},{"type":"Feature","geometry":{"type":"Point","coordinates":[-73.37162,42.19064]},"properties":{"cat":"hospital","name":"Fairview Hospital"}},{"type":"Feature","geometry":{"type":"Point","coordinates":[-73.72518,41.46147]},"properties":{"cat":"viewpoint","name":"Ninham Mountain Fire Tower"}},{"type":"Feature","geometry":{"type":"Point","coordinates":[-73.57527,41.50339]},"properties":{"cat":"shelter"}},{"type":"Feature","geometry":{"type":"Point","coordinates":[-73.84306,41.42162]},"properties":{"cat":"shelter","name":"Day Pavillion"}},{"type":"Feature","geometry":{"type":"Point","coordinates":[-73.84026,41.42701]},"properties":{"cat":"shelter","name":"Lean-To Site"}},{"type":"Feature","geometry":{"type":"Point","coordinates":[-73.84042,41.42707]},"properties":{"cat":"shelter","name":"Lean-To Site"}},{"type":"Feature","geometry":{"type":"Point","coordinates":[-73.84045,41.42692]},"properties":{"cat":"shelter","name":"Lean-to Site"}},{"type":"Feature","geometry":{"type":"Point","coordinates":[-73.84229,41.42761]},"properties":{"cat":"shelter","name":"Day Pavillion"}},{"type":"Feature","geometry":{"type":"Point","coordinates":[-73.84268,41.42777]},"properties":{"cat":"shelter","name":"Lean-to"}},{"type":"Feature","geometry":{"type":"Point","coordinates":[-73.84522,41.42076]},"properties":{"cat":"shelter"}},{"type":"Feature","geometry":{"type":"Point","coordinates":[-74.76321,41.95586]},"properties":{"cat":"shelter","name":"Teddy Roosevelt program shelter"}},{"type":"Feature","geometry":{"type":"Point","coordinates":[-74.76347,41.96151]},"properties":{"cat":"shelter","name":"James E. West program Shelter"}},{"type":"Feature","geometry":{"type":"Point","coordinates":[-74.7619,41.96526]},"properties":{"cat":"shelter","name":"Otter program shelter"}},{"type":"Feature","geometry":{"type":"Point","coordinates":[-74.75688,41.96959]},"properties":{"cat":"shelter","name":"AI Nassau Program Shelter"}},{"type":"Feature","geometry":{"type":"Point","coordinates":[-74.76201,41.96805]},"properties":{"cat":"shelter","name":"Bobcat program shelter"}},{"type":"Feature","geometry":{"type":"Point","coordinates":[-74.76662,41.96132]},"properties":{"cat":"shelter","name":"Glaize"}},{"type":"Feature","geometry":{"type":"Point","coordinates":[-74.15705,41.42635]},"properties":{"cat":"fire"}},{"type":"Feature","geometry":{"type":"Point","coordinates":[-73.47565,41.72288]},"properties":{"cat":"fire","name":"Kent Volunteer Fire Department"}},{"type":"Feature","geometry":{"type":"Point","coordinates":[-74.36242,41.48568]},"properties":{"cat":"fire"}},{"type":"Feature","geometry":{"type":"Point","coordinates":[-74.45354,41.44201]},"properties":{"cat":"fire","name":"Pocatello Fire Department"}},{"type":"Feature","geometry":{"type":"Point","coordinates":[-73.57163,41.63744]},"properties":{"cat":"shelter"}},{"type":"Feature","geometry":{"type":"Point","coordinates":[-73.77504,41.15794]},"properties":{"cat":"shelter"}},{"type":"Feature","geometry":{"type":"Point","coordinates":[-74.41547,41.44606]},"properties":{"cat":"fire","name":"Middletown Fire Department"}},{"type":"Feature","geometry":{"type":"Point","coordinates":[-74.39854,41.43985]},"properties":{"cat":"shelter"}},{"type":"Feature","geometry":{"type":"Point","coordinates":[-74.3946,41.43795]},"properties":{"cat":"shelter"}},{"type":"Feature","geometry":{"type":"Point","coordinates":[-74.39121,41.457]},"properties":{"cat":"fire","name":"Silver Lake Fire District"}},{"type":"Feature","geometry":{"type":"Point","coordinates":[-74.37116,41.4859]},"properties":{"cat":"shelter"}},{"type":"Feature","geometry":{"type":"Point","coordinates":[-74.4316,41.45642]},"properties":{"cat":"shelter"}},{"type":"Feature","geometry":{"type":"Point","coordinates":[-74.43368,41.45946]},"properties":{"cat":"shelter"}},{"type":"Feature","geometry":{"type":"Point","coordinates":[-74.43386,41.45936]},"properties":{"cat":"shelter"}},{"type":"Feature","geometry":{"type":"Point","coordinates":[-74.43122,41.45544]},"properties":{"cat":"shelter"}},{"type":"Feature","geometry":{"type":"Point","coordinates":[-74.42204,41.45275]},"properties":{"cat":"shelter"}},{"type":"Feature","geometry":{"type":"Point","coordinates":[-74.42089,41.4595]},"properties":{"cat":"shelter"}},{"type":"Feature","geometry":{"type":"Point","coordinates":[-74.4205,41.45957]},"properties":{"cat":"shelter"}},{"type":"Feature","geometry":{"type":"Point","coordinates":[-74.41197,41.4569]},"properties":{"cat":"fire","name":"Ontario Hose Company No. 5"}},{"type":"Feature","geometry":{"type":"Point","coordinates":[-74.41508,41.46197]},"properties":{"cat":"shelter"}},{"type":"Feature","geometry":{"type":"Point","coordinates":[-74.41463,41.46202]},"properties":{"cat":"shelter"}},{"type":"Feature","geometry":{"type":"Point","coordinates":[-74.41527,41.46145]},"properties":{"cat":"shelter"}},{"type":"Feature","geometry":{"type":"Point","coordinates":[-74.41567,41.46147]},"properties":{"cat":"shelter"}},{"type":"Feature","geometry":{"type":"Point","coordinates":[-74.41619,41.46066]},"properties":{"cat":"shelter"}},{"type":"Feature","geometry":{"type":"Point","coordinates":[-74.41677,41.46065]},"properties":{"cat":"shelter"}},{"type":"Feature","geometry":{"type":"Point","coordinates":[-74.41697,41.46069]},"properties":{"cat":"shelter"}},{"type":"Feature","geometry":{"type":"Point","coordinates":[-74.41631,41.46055]},"properties":{"cat":"shelter"}},{"type":"Feature","geometry":{"type":"Point","coordinates":[-74.4172,41.46126]},"properties":{"cat":"shelter"}},{"type":"Feature","geometry":{"type":"Point","coordinates":[-74.4165,41.46254]},"properties":{"cat":"shelter"}},{"type":"Feature","geometry":{"type":"Point","coordinates":[-74.41684,41.46249]},"properties":{"cat":"shelter"}},{"type":"Feature","geometry":{"type":"Point","coordinates":[-74.41595,41.463]},"properties":{"cat":"shelter"}},{"type":"Feature","geometry":{"type":"Point","coordinates":[-74.41663,41.46348]},"properties":{"cat":"shelter"}},{"type":"Feature","geometry":{"type":"Point","coordinates":[-74.41629,41.4635]},"properties":{"cat":"shelter"}},{"type":"Feature","geometry":{"type":"Point","coordinates":[-74.41562,41.46308]},"properties":{"cat":"shelter"}},{"type":"Feature","geometry":{"type":"Point","coordinates":[-74.41606,41.46205]},"properties":{"cat":"shelter"}},{"type":"Feature","geometry":{"type":"Point","coordinates":[-74.41569,41.4621]},"properties":{"cat":"shelter"}},{"type":"Feature","geometry":{"type":"Point","coordinates":[-74.40369,41.46992]},"properties":{"cat":"shelter"}},{"type":"Feature","geometry":{"type":"Point","coordinates":[-74.41411,41.46932]},"properties":{"cat":"fire","name":"Washington Heights Volunteer Fire Company Inc."}},{"type":"Feature","geometry":{"type":"Point","coordinates":[-74.41604,41.47711]},"properties":{"cat":"shelter"}},{"type":"Feature","geometry":{"type":"Point","coordinates":[-74.37122,41.48639]},"properties":{"cat":"shelter"}},{"type":"Feature","geometry":{"type":"Point","coordinates":[-73.93548,41.74555]},"properties":{"cat":"shelter"}},{"type":"Feature","geometry":{"type":"Point","coordinates":[-73.56958,41.27512]},"properties":{"cat":"fire","name":"South Salem Fire Department"}},{"type":"Feature","geometry":{"type":"Point","coordinates":[-73.93309,41.7855]},"properties":{"cat":"fire"}},{"type":"Feature","geometry":{"type":"Point","coordinates":[-73.91016,41.72969]},"properties":{"cat":"fire","name":"Fairview Fire District"}},{"type":"Feature","geometry":{"type":"Point","coordinates":[-73.89804,41.74828]},"properties":{"cat":"fire","name":"Emergency Fire Training Grounds"}},{"type":"Feature","geometry":{"type":"Point","coordinates":[-73.79178,41.55191]},"properties":{"cat":"fire","name":"East Fishkill Fire Department"}},{"type":"Feature","geometry":{"type":"Point","coordinates":[-74.73738,41.70925]},"properties":{"cat":"hospital","name":"Garnet Health Medical Center - Catskills"}},{"type":"Feature","geometry":{"type":"Point","coordinates":[-74.68167,41.36738]},"properties":{"cat":"hospital","name":"Port Jervis Community Hospital"}},{"type":"Feature","geometry":{"type":"Point","coordinates":[-74.37911,41.73233]},"properties":{"cat":"hospital","name":"Ellenville Regional Hospital"}},{"type":"Feature","geometry":{"type":"Point","coordinates":[-73.99979,41.92107]},"properties":{"cat":"hospital","name":"HealthAlliance Hospital Mary's Avenue Campus"}},{"type":"Feature","geometry":{"type":"Point","coordinates":[-73.92738,41.71826]},"properties":{"cat":"hospital","name":"MidHudson Regional Hospital"}},{"type":"Feature","geometry":{"type":"Point","coordinates":[-73.93483,41.69358]},"properties":{"cat":"hospital","name":"Vassar Brothers Medical Center"}},{"type":"Feature","geometry":{"type":"Point","coordinates":[-74.39022,41.40644]},"properties":{"cat":"hospital","name":"Mid-Hudson Forensic Psychiatric Center"}},{"type":"Feature","geometry":{"type":"Point","coordinates":[-74.36858,41.44237]},"properties":{"cat":"hospital","name":"Garnet Health Medical Center"}},{"type":"Feature","geometry":{"type":"Point","coordinates":[-74.35782,41.26139]},"properties":{"cat":"hospital","name":"Saint Anthony Community Hospital"}},{"type":"Feature","geometry":{"type":"Point","coordinates":[-73.89354,41.29263]},"properties":{"cat":"hospital","name":"NewYork-Presbyterian Hudson Valley Hospital"}},{"type":"Feature","geometry":{"type":"Point","coordinates":[-73.72584,41.19679]},"properties":{"cat":"hospital","name":"Northern Westchester Hospital"}},{"type":"Feature","geometry":{"type":"Point","coordinates":[-73.93255,41.23909]},"properties":{"cat":"hospital","name":"VA Hudson Valley Health Care System - Franklin Delano Roosevelt Campus"}},{"type":"Feature","geometry":{"type":"Point","coordinates":[-73.98884,41.21402]},"properties":{"cat":"hospital","name":"Helen Hayes Hospital"}},{"type":"Feature","geometry":{"type":"Point","coordinates":[-73.92404,41.78811]},"properties":{"cat":"shelter","name":"pavillion"}},{"type":"Feature","geometry":{"type":"Point","coordinates":[-73.92437,41.78823]},"properties":{"cat":"shelter","name":"pavillion"}},{"type":"Feature","geometry":{"type":"Point","coordinates":[-74.04762,42.36025]},"properties":{"cat":"fire","name":"Freehold Volunterr Fire Company"}},{"type":"Feature","geometry":{"type":"Point","coordinates":[-74.04789,42.36008]},"properties":{"cat":"fire"}},{"type":"Feature","geometry":{"type":"Point","coordinates":[-74.02127,42.41571]},"properties":{"cat":"fire"}},{"type":"Feature","geometry":{"type":"Point","coordinates":[-73.70673,41.23538]},"properties":{"cat":"shelter","name":"Picnic Pavilion"}},{"type":"Feature","geometry":{"type":"Point","coordinates":[-74.29302,41.60214]},"properties":{"cat":"fire","name":"Pine Bush Fire House"}},{"type":"Feature","geometry":{"type":"Point","coordinates":[-73.68948,41.62797]},"properties":{"cat":"shelter"}},{"type":"Feature","geometry":{"type":"Point","coordinates":[-74.46788,41.17849]},"properties":{"cat":"shelter"}},{"type":"Feature","geometry":{"type":"Point","coordinates":[-73.48173,41.88097]},"properties":{"cat":"hospital","name":"Sharon Hospital"}},{"type":"Feature","geometry":{"type":"Point","coordinates":[-74.77919,41.15656]},"properties":{"cat":"fire","name":"Frankford Township Fire Department"}},{"type":"Feature","geometry":{"type":"Point","coordinates":[-74.64153,42.14653]},"properties":{"cat":"hospital","name":"Margaretville Hospital"}},{"type":"Feature","geometry":{"type":"Point","coordinates":[-73.56893,42.42886]},"properties":{"cat":"shelter"}},{"type":"Feature","geometry":{"type":"Point","coordinates":[-73.72888,41.70287]},"properties":{"cat":"shelter"}},{"type":"Feature","geometry":{"type":"Point","coordinates":[-74.09218,41.504]},"properties":{"cat":"fire"}},{"type":"Feature","geometry":{"type":"Point","coordinates":[-74.12569,41.31684]},"properties":{"cat":"shelter"}},{"type":"Feature","geometry":{"type":"Point","coordinates":[-74.32589,41.40288]},"properties":{"cat":"fire","name":"Minisink Hook And Ladder Station 1"}},{"type":"Feature","geometry":{"type":"Point","coordinates":[-74.32427,41.39999]},"properties":{"cat":"fire","name":"Cataract Engine & Hose"}},{"type":"Feature","geometry":{"type":"Point","coordinates":[-74.3238,41.40073]},"properties":{"cat":"shelter"}},{"type":"Feature","geometry":{"type":"Point","coordinates":[-73.58045,41.73878]},"properties":{"cat":"fire"}},{"type":"Feature","geometry":{"type":"Point","coordinates":[-74.38256,41.44402]},"properties":{"cat":"shelter"}},{"type":"Feature","geometry":{"type":"Point","coordinates":[-74.35509,41.25951]},"properties":{"cat":"fire","name":"Excelsior Hose Company No. 1"}},{"type":"Feature","geometry":{"type":"Point","coordinates":[-74.47895,41.38811]},"properties":{"cat":"fire","name":"Slate Hill Fire District"}},{"type":"Feature","geometry":{"type":"Point","coordinates":[-74.41535,41.41006]},"properties":{"cat":"fire","name":"New Hampton Fire District"}},{"type":"Feature","geometry":{"type":"Point","coordinates":[-74.55962,41.30039]},"properties":{"cat":"fire"}},{"type":"Feature","geometry":{"type":"Point","coordinates":[-74.46576,41.29685]},"properties":{"cat":"fire"}},{"type":"Feature","geometry":{"type":"Point","coordinates":[-74.43839,41.29346]},"properties":{"cat":"shelter"}},{"type":"Feature","geometry":{"type":"Point","coordinates":[-74.17904,41.3206]},"properties":{"cat":"fire","name":"Mombasha Fire Company"}},{"type":"Feature","geometry":{"type":"Point","coordinates":[-74.3894,41.51169]},"properties":{"cat":"fire"}},{"type":"Feature","geometry":{"type":"Point","coordinates":[-74.36966,41.54343]},"properties":{"cat":"fire","name":"Bullville Volunteer"}},{"type":"Feature","geometry":{"type":"Point","coordinates":[-74.14265,41.3895]},"properties":{"cat":"fire"}},{"type":"Feature","geometry":{"type":"Point","coordinates":[-74.70173,41.6555]},"properties":{"cat":"shelter"}},{"type":"Feature","geometry":{"type":"Point","coordinates":[-74.18801,41.33807]},"properties":{"cat":"fire","name":"Mombasha Fire Company - Station 1A"}},{"type":"Feature","geometry":{"type":"Point","coordinates":[-74.40045,41.44291]},"properties":{"cat":"fire","name":"Mechanicstown Fire District"}},{"type":"Feature","geometry":{"type":"Point","coordinates":[-74.31119,41.45815]},"properties":{"cat":"fire","name":"Mechanicstown Fire District"}},{"type":"Feature","geometry":{"type":"Point","coordinates":[-74.34065,41.39099]},"properties":{"cat":"fire","name":"Dikeman Engine and Hose Company"}},{"type":"Feature","geometry":{"type":"Point","coordinates":[-74.48052,41.34919]},"properties":{"cat":"shelter"}},{"type":"Feature","geometry":{"type":"Point","coordinates":[-74.43991,41.42437]},"properties":{"cat":"shelter"}},{"type":"Feature","geometry":{"type":"Point","coordinates":[-73.93791,41.72191]},"properties":{"cat":"shelter","name":"Half Moon Gazebo"}},{"type":"Feature","geometry":{"type":"Point","coordinates":[-73.89398,41.20855]},"properties":{"cat":"fire","name":"Washington Street Firehouse"}},{"type":"Feature","geometry":{"type":"Point","coordinates":[-73.89175,41.20253]},"properties":{"cat":"shelter"}},{"type":"Feature","geometry":{"type":"Point","coordinates":[-74.43996,41.44548]},"properties":{"cat":"shelter"}},{"type":"Feature","geometry":{"type":"Point","coordinates":[-74.44051,41.4423]},"properties":{"cat":"shelter","name":"Kiwanis Shelter"}},{"type":"Feature","geometry":{"type":"Point","coordinates":[-73.39148,41.63824]},"properties":{"cat":"fire","name":"Northville Fire Department"}},{"type":"Feature","geometry":{"type":"Point","coordinates":[-73.4218,41.53564]},"properties":{"cat":"fire","name":"Water Witch Hose Co. #2 Lanesville Station"}},{"type":"Feature","geometry":{"type":"Point","coordinates":[-74.20541,41.23928]},"properties":{"cat":"fire","name":"Sterling Forest Volunteer Fire Company"}},{"type":"Feature","geometry":{"type":"Point","coordinates":[-74.23509,41.52731]},"properties":{"cat":"fire","name":"Montgomery Fire Department"}},{"type":"Feature","geometry":{"type":"Point","coordinates":[-74.47837,42.13157]},"properties":{"cat":"fire","name":"Pine Hill Fire Co. No. 1"}},{"type":"Feature","geometry":{"type":"Point","coordinates":[-73.91748,41.28213]},"properties":{"cat":"shelter"}},{"type":"Feature","geometry":{"type":"Point","coordinates":[-73.45331,42.02838]},"properties":{"cat":"shelter","name":"Brassie Brook Lean-to"}},{"type":"Feature","geometry":{"type":"Point","coordinates":[-73.45203,42.01563]},"properties":{"cat":"shelter","name":"Riga Lean-to"}},{"type":"Feature","geometry":{"type":"Point","coordinates":[-73.86466,41.15901]},"properties":{"cat":"fire","name":"Ossining Fire Department Headquarters"}},{"type":"Feature","geometry":{"type":"Point","coordinates":[-73.86351,41.15894]},"properties":{"cat":"fire","name":"Ossining Fire Department Cataract Hose Company #2"}},{"type":"Feature","geometry":{"type":"Point","coordinates":[-73.8643,41.16142]},"properties":{"cat":"fire","name":"Ossining Fire Department Monitor Hose Co. #4"}},{"type":"Feature","geometry":{"type":"Point","coordinates":[-74.01547,41.21694]},"properties":{"cat":"fire","name":"David B. Roche Volunteer Fire Co."}},{"type":"Feature","geometry":{"type":"Point","coordinates":[-74.01171,41.19456]},"properties":{"cat":"fire"}},{"type":"Feature","geometry":{"type":"Point","coordinates":[-73.98652,41.23097]},"properties":{"cat":"fire","name":"Wayne Hose Co. 1"}},{"type":"Feature","geometry":{"type":"Point","coordinates":[-73.9934,41.2262]},"properties":{"cat":"fire","name":"Wayne Hose Co. 2"}},{"type":"Feature","geometry":{"type":"Point","coordinates":[-73.93829,41.30096]},"properties":{"cat":"shelter"}},{"type":"Feature","geometry":{"type":"Point","coordinates":[-73.98919,41.16888]},"properties":{"cat":"shelter"}},{"type":"Feature","geometry":{"type":"Point","coordinates":[-73.38695,41.46654]},"properties":{"cat":"fire","name":"Brookfield Volunteer Fire Company Center Station"}},{"type":"Feature","geometry":{"type":"Point","coordinates":[-73.4332,41.48219]},"properties":{"cat":"shelter"}},{"type":"Feature","geometry":{"type":"Point","coordinates":[-74.18033,41.56162]},"properties":{"cat":"shelter"}},{"type":"Feature","geometry":{"type":"Point","coordinates":[-73.64288,41.20347]},"properties":{"cat":"fire","name":"Bedford Fire Department"}},{"type":"Feature","geometry":{"type":"Point","coordinates":[-73.36415,42.19404]},"properties":{"cat":"shelter"}},{"type":"Feature","geometry":{"type":"Point","coordinates":[-74.06347,41.52297]},"properties":{"cat":"fire","name":"Winona Lake Engine Co"}},{"type":"Feature","geometry":{"type":"Point","coordinates":[-73.96714,41.82622]},"properties":{"cat":"fire","name":"Esopus Fire Department"}},{"type":"Feature","geometry":{"type":"Point","coordinates":[-74.01931,41.17117]},"properties":{"cat":"shelter"}},{"type":"Feature","geometry":{"type":"Point","coordinates":[-73.77981,42.26981]},"properties":{"cat":"shelter"}},{"type":"Feature","geometry":{"type":"Point","coordinates":[-73.77815,42.2739]},"properties":{"cat":"shelter"}},{"type":"Feature","geometry":{"type":"Point","coordinates":[-73.67318,41.9197]},"properties":{"cat":"shelter"}},{"type":"Feature","geometry":{"type":"Point","coordinates":[-73.49438,41.7678]},"properties":{"cat":"shelter"}},{"type":"Feature","geometry":{"type":"Point","coordinates":[-74.43687,41.42589]},"properties":{"cat":"shelter"}},{"type":"Feature","geometry":{"type":"Point","coordinates":[-74.16279,42.19163]},"properties":{"cat":"shelter"}},{"type":"Feature","geometry":{"type":"Point","coordinates":[-74.38043,42.24458]},"properties":{"cat":"shelter"}},{"type":"Feature","geometry":{"type":"Point","coordinates":[-73.4964,42.37395]},"properties":{"cat":"shelter","name":"pavillion"}},{"type":"Feature","geometry":{"type":"Point","coordinates":[-73.59271,41.24894]},"properties":{"cat":"shelter","name":"Shelter #5"}},{"type":"Feature","geometry":{"type":"Point","coordinates":[-74.27061,42.00224]},"properties":{"cat":"trailhead","name":"Boiceville Bridge Trailhead"}},{"type":"Feature","geometry":{"type":"Point","coordinates":[-73.5687,41.63837]},"properties":{"cat":"shelter"}},{"type":"Feature","geometry":{"type":"Point","coordinates":[-73.56869,41.63879]},"properties":{"cat":"shelter"}},{"type":"Feature","geometry":{"type":"Point","coordinates":[-74.80202,41.32441]},"properties":{"cat":"fire","name":"Milford Fire Department & EMS"}},{"type":"Feature","geometry":{"type":"Point","coordinates":[-74.01284,41.53752]},"properties":{"cat":"fire","name":"Middlehope Fire District"}},{"type":"Feature","geometry":{"type":"Point","coordinates":[-73.96616,41.52765]},"properties":{"cat":"fire","name":"Chelsea Fire District - Station 2"}},{"type":"Feature","geometry":{"type":"Point","coordinates":[-73.96703,41.55239]},"properties":{"cat":"fire","name":"Chelsea Fire Station #1"}},{"type":"Feature","geometry":{"type":"Point","coordinates":[-73.92809,41.58003]},"properties":{"cat":"fire","name":"Hughsonville Fire District"}},{"type":"Feature","geometry":{"type":"Point","coordinates":[-73.94216,41.59277]},"properties":{"cat":"fire","name":"New Hamburg Fire District Station #1"}},{"type":"Feature","geometry":{"type":"Point","coordinates":[-73.87137,41.60703]},"properties":{"cat":"fire","name":"New Hackensack Fire Department"}},{"type":"Feature","geometry":{"type":"Point","coordinates":[-73.93366,41.51962]},"properties":{"cat":"fire","name":"Slater Chemical Fire Company"}},{"type":"Feature","geometry":{"type":"Point","coordinates":[-74.44217,42.10266]},"properties":{"cat":"fire","name":"Big Indian - Oliverea Fire Company"}},{"type":"Feature","geometry":{"type":"Point","coordinates":[-74.74344,42.03787]},"properties":{"cat":"shelter"}},{"type":"Feature","geometry":{"type":"Point","coordinates":[-74.19771,41.97498]},"properties":{"cat":"trailhead","name":"Ashokan Station Trailhead"}},{"type":"Feature","geometry":{"type":"Point","coordinates":[-73.41077,41.57746]},"properties":{"cat":"shelter"}},{"type":"Feature","geometry":{"type":"Point","coordinates":[-73.38245,41.30555]},"properties":{"cat":"fire","name":"Redding Fire Department"}},{"type":"Feature","geometry":{"type":"Point","coordinates":[-74.38518,42.20734]},"properties":{"cat":"fire","name":"West Kill Station"}},{"type":"Feature","geometry":{"type":"Point","coordinates":[-73.42813,41.25936]},"properties":{"cat":"fire","name":"Georgetown Fire Department"}},{"type":"Feature","geometry":{"type":"Point","coordinates":[-73.50971,41.66522]},"properties":{"cat":"shelter","name":"Ten Mile River Lean-To"}},{"type":"Feature","geometry":{"type":"Point","coordinates":[-73.49725,41.57971]},"properties":{"cat":"fire","name":"Sherman Volunteer Fire Department"}},{"type":"Feature","geometry":{"type":"Point","coordinates":[-73.49242,41.57253]},"properties":{"cat":"shelter"}},{"type":"Feature","geometry":{"type":"Point","coordinates":[-73.49494,41.57771]},"properties":{"cat":"shelter"}},{"type":"Feature","geometry":{"type":"Point","coordinates":[-73.45537,41.39394]},"properties":{"cat":"fire","name":"Danbury Fire Department Headquarters"}},{"type":"Feature","geometry":{"type":"Point","coordinates":[-73.45167,41.37877]},"properties":{"cat":"shelter"}},{"type":"Feature","geometry":{"type":"Point","coordinates":[-73.4418,41.3741]},"properties":{"cat":"shelter"}},{"type":"Feature","geometry":{"type":"Point","coordinates":[-73.44959,41.36566]},"properties":{"cat":"shelter"}},{"type":"Feature","geometry":{"type":"Point","coordinates":[-73.41261,41.37248]},"properties":{"cat":"shelter"}},{"type":"Feature","geometry":{"type":"Point","coordinates":[-73.42758,41.40628]},"properties":{"cat":"fire","name":"Beaver Brook Volunteer Fire Company Engine 11"}},{"type":"Feature","geometry":{"type":"Point","coordinates":[-73.48732,41.37361]},"properties":{"cat":"fire","name":"Danbury Fire Department Engine 26"}},{"type":"Feature","geometry":{"type":"Point","coordinates":[-73.49926,41.46177]},"properties":{"cat":"shelter"}},{"type":"Feature","geometry":{"type":"Point","coordinates":[-73.49501,41.46481]},"properties":{"cat":"fire","name":"New Fairfield Volunteer Fire Department Company A"}},{"type":"Feature","geometry":{"type":"Point","coordinates":[-73.40314,41.46372]},"properties":{"cat":"shelter","name":"Still River Greenway Gazebo"}},{"type":"Feature","geometry":{"type":"Point","coordinates":[-73.41611,41.53546]},"properties":{"cat":"shelter"}},{"type":"Feature","geometry":{"type":"Point","coordinates":[-73.41666,41.5361]},"properties":{"cat":"shelter"}},{"type":"Feature","geometry":{"type":"Point","coordinates":[-73.39137,41.54677]},"properties":{"cat":"shelter"}},{"type":"Feature","geometry":{"type":"Point","coordinates":[-73.48371,41.64861]},"properties":{"cat":"fire","name":"Gaylordsville Volunteer Fire Department"}},{"type":"Feature","geometry":{"type":"Point","coordinates":[-73.38218,41.64754]},"properties":{"cat":"shelter"}},{"type":"Feature","geometry":{"type":"Point","coordinates":[-73.51625,41.2141]},"properties":{"cat":"fire"}},{"type":"Feature","geometry":{"type":"Point","coordinates":[-74.56243,41.70734]},"properties":{"cat":"shelter"}},{"type":"Feature","geometry":{"type":"Point","coordinates":[-74.57207,41.70784]},"properties":{"cat":"shelter"}},{"type":"Feature","geometry":{"type":"Point","coordinates":[-74.43567,41.47553]},"properties":{"cat":"shelter"}},{"type":"Feature","geometry":{"type":"Point","coordinates":[-74.57299,41.70493]},"properties":{"cat":"shelter"}},{"type":"Feature","geometry":{"type":"Point","coordinates":[-74.54757,41.71013]},"properties":{"cat":"shelter"}},{"type":"Feature","geometry":{"type":"Point","coordinates":[-73.77347,41.1567]},"properties":{"cat":"shelter","name":"Chappaqua Gazebo"}},{"type":"Feature","geometry":{"type":"Point","coordinates":[-74.19892,42.07423]},"properties":{"cat":"fire","name":"Woodstock Fire Company 3"}},{"type":"Feature","geometry":{"type":"Point","coordinates":[-74.14578,42.04102]},"properties":{"cat":"fire","name":"Woodstock Fire Company 1"}},{"type":"Feature","geometry":{"type":"Point","coordinates":[-74.71263,41.54093]},"properties":{"cat":"shelter"}},{"type":"Feature","geometry":{"type":"Point","coordinates":[-73.40561,41.16302]},"properties":{"cat":"shelter"}},{"type":"Feature","geometry":{"type":"Point","coordinates":[-73.51713,41.16195]},"properties":{"cat":"shelter"}},{"type":"Feature","geometry":{"type":"Point","coordinates":[-74.21935,42.21313]},"properties":{"cat":"fire","name":"Hunter Fire Department - Station 1"}},{"type":"Feature","geometry":{"type":"Point","coordinates":[-74.54742,41.66792]},"properties":{"cat":"shelter"}},{"type":"Feature","geometry":{"type":"Point","coordinates":[-74.31565,42.08328]},"properties":{"cat":"shelter"}},{"type":"Feature","geometry":{"type":"Point","coordinates":[-73.3924,41.97544]},"properties":{"cat":"shelter","name":"Limestone Spring Lean-to"}},{"type":"Feature","geometry":{"type":"Point","coordinates":[-73.96337,41.3316]},"properties":{"cat":"shelter"}},{"type":"Feature","geometry":{"type":"Point","coordinates":[-73.79817,41.65327]},"properties":{"cat":"shelter"}},{"type":"Feature","geometry":{"type":"Point","coordinates":[-74.10778,41.1702]},"properties":{"cat":"shelter","name":"Stone Memorial Shelter"}},{"type":"Feature","geometry":{"type":"Point","coordinates":[-74.07993,41.21551]},"properties":{"cat":"shelter","name":"Big Hill Shelter"}},{"type":"Feature","geometry":{"type":"Point","coordinates":[-74.20041,41.97466]},"properties":{"cat":"fire","name":"Olive Fire Department Company 2"}},{"type":"Feature","geometry":{"type":"Point","coordinates":[-74.11246,42.04193]},"properties":{"cat":"shelter"}},{"type":"Feature","geometry":{"type":"Point","coordinates":[-73.47446,41.24951]},"properties":{"cat":"shelter"}},{"type":"Feature","geometry":{"type":"Point","coordinates":[-73.47465,41.24859]},"properties":{"cat":"shelter"}},{"type":"Feature","geometry":{"type":"Point","coordinates":[-74.21498,41.92113]},"properties":{"cat":"fire","name":"Olive Fire Department Company 1"}},{"type":"Feature","geometry":{"type":"Point","coordinates":[-73.86553,42.00646]},"properties":{"cat":"shelter"}},{"type":"Feature","geometry":{"type":"Point","coordinates":[-73.92121,41.66476]},"properties":{"cat":"shelter"}},{"type":"Feature","geometry":{"type":"Point","coordinates":[-74.56519,41.2022]},"properties":{"cat":"shelter","name":"Education Pavilion"}},{"type":"Feature","geometry":{"type":"Point","coordinates":[-74.53667,41.26278]},"properties":{"cat":"shelter","name":"Owen's Station Pavilion"}},{"type":"Feature","geometry":{"type":"Point","coordinates":[-74.02203,42.17578]},"properties":{"cat":"fire","name":"Garrison Fire & Rescue"}},{"type":"Feature","geometry":{"type":"Point","coordinates":[-74.09537,41.75156]},"properties":{"cat":"trailhead","name":"Springtown Road Parking"}},{"type":"Feature","geometry":{"type":"Point","coordinates":[-73.92338,41.46027]},"properties":{"cat":"fire","name":"North Highlands Fire Department"}},{"type":"Feature","geometry":{"type":"Point","coordinates":[-74.37505,41.21166]},"properties":{"cat":"shelter"}},{"type":"Feature","geometry":{"type":"Point","coordinates":[-74.3756,41.21214]},"properties":{"cat":"shelter"}},{"type":"Feature","geometry":{"type":"Point","coordinates":[-74.37525,41.21251]},"properties":{"cat":"shelter"}},{"type":"Feature","geometry":{"type":"Point","coordinates":[-73.90073,41.18326]},"properties":{"cat":"shelter"}},{"type":"Feature","geometry":{"type":"Point","coordinates":[-73.94413,41.58839]},"properties":{"cat":"shelter"}},{"type":"Feature","geometry":{"type":"Point","coordinates":[-73.88111,41.58977]},"properties":{"cat":"shelter"}},{"type":"Feature","geometry":{"type":"Point","coordinates":[-73.36856,41.16082]},"properties":{"cat":"shelter"}},{"type":"Feature","geometry":{"type":"Point","coordinates":[-73.80648,41.58519]},"properties":{"cat":"shelter","name":"Bernie Rudberg Pavillion"}},{"type":"Feature","geometry":{"type":"Point","coordinates":[-73.76457,41.15864]},"properties":{"cat":"fire","name":"Bristol Fire Company"}},{"type":"Feature","geometry":{"type":"Point","coordinates":[-74.19047,41.32915]},"properties":{"cat":"shelter"}},{"type":"Feature","geometry":{"type":"Point","coordinates":[-73.92001,41.31543]},"properties":{"cat":"shelter"}},{"type":"Feature","geometry":{"type":"Point","coordinates":[-73.61894,41.3915]},"properties":{"cat":"shelter"}},{"type":"Feature","geometry":{"type":"Point","coordinates":[-73.76008,41.96056]},"properties":{"cat":"shelter"}},{"type":"Feature","geometry":{"type":"Point","coordinates":[-74.52957,42.15649]},"properties":{"cat":"shelter"}},{"type":"Feature","geometry":{"type":"Point","coordinates":[-74.52515,42.15431]},"properties":{"cat":"fire","name":"Fleischmanns Volunteer Fire Engine Company No. 1"}},{"type":"Feature","geometry":{"type":"Point","coordinates":[-73.77483,41.39747]},"properties":{"cat":"fire","name":"Mahopac Falls Fire Department"}},{"type":"Feature","geometry":{"type":"Point","coordinates":[-73.47356,41.72856]},"properties":{"cat":"shelter"}},{"type":"Feature","geometry":{"type":"Point","coordinates":[-73.68638,41.32746]},"properties":{"cat":"shelter"}},{"type":"Feature","geometry":{"type":"Point","coordinates":[-73.76362,41.37199]},"properties":{"cat":"fire","name":"Mahopac"}},{"type":"Feature","geometry":{"type":"Point","coordinates":[-73.38302,41.70474]},"properties":{"cat":"shelter"}},{"type":"Feature","geometry":{"type":"Point","coordinates":[-73.47779,41.7215]},"properties":{"cat":"shelter"}},{"type":"Feature","geometry":{"type":"Point","coordinates":[-73.36023,41.66827]},"properties":{"cat":"fire","name":"Washington Fire Department New Preston Station"}},{"type":"Feature","geometry":{"type":"Point","coordinates":[-74.0092,41.2824]},"properties":{"cat":"shelter","name":"West Mountain Shelter"}},{"type":"Feature","geometry":{"type":"Point","coordinates":[-74.2862,41.61076]},"properties":{"cat":"shelter"}},{"type":"Feature","geometry":{"type":"Point","coordinates":[-73.97492,41.60567]},"properties":{"cat":"fire","name":"Marlboro Hose Co. No. 1"}},{"type":"Feature","geometry":{"type":"Point","coordinates":[-73.96511,41.65407]},"properties":{"cat":"shelter"}},{"type":"Feature","geometry":{"type":"Point","coordinates":[-73.96607,41.65391]},"properties":{"cat":"shelter","name":"Michael J. Canosa Pavilion"}},{"type":"Feature","geometry":{"type":"Point","coordinates":[-73.96629,41.654]},"properties":{"cat":"shelter"}},{"type":"Feature","geometry":{"type":"Point","coordinates":[-73.88732,41.2235]},"properties":{"cat":"shelter"}},{"type":"Feature","geometry":{"type":"Point","coordinates":[-73.90441,41.59448]},"properties":{"cat":"shelter"}},{"type":"Feature","geometry":{"type":"Point","coordinates":[-73.90707,41.59538]},"properties":{"cat":"shelter"}},{"type":"Feature","geometry":{"type":"Point","coordinates":[-73.39238,42.01361]},"properties":{"cat":"shelter","name":"Leland Rhodes Lean-To"}},{"type":"Feature","geometry":{"type":"Point","coordinates":[-74.10002,41.46657]},"properties":{"cat":"shelter"}},{"type":"Feature","geometry":{"type":"Point","coordinates":[-74.10004,41.46645]},"properties":{"cat":"shelter"}},{"type":"Feature","geometry":{"type":"Point","coordinates":[-74.10019,41.46657]},"properties":{"cat":"shelter","name":"Chronograph and Shooting Range"}},{"type":"Feature","geometry":{"type":"Point","coordinates":[-74.18928,41.36886]},"properties":{"cat":"fire","name":"South Blooming Grove Fire District"}},{"type":"Feature","geometry":{"type":"Point","coordinates":[-74.13699,41.31655]},"properties":{"cat":"shelter"}},{"type":"Feature","geometry":{"type":"Point","coordinates":[-74.70963,41.3595]},"properties":{"cat":"shelter"}},{"type":"Feature","geometry":{"type":"Point","coordinates":[-74.71058,41.35888]},"properties":{"cat":"shelter"}},{"type":"Feature","geometry":{"type":"Point","coordinates":[-73.96439,41.37099]},"properties":{"cat":"shelter"}},{"type":"Feature","geometry":{"type":"Point","coordinates":[-74.25732,42.30806]},"properties":{"cat":"fire","name":"Windham Hose Company #1"}},{"type":"Feature","geometry":{"type":"Point","coordinates":[-74.18814,41.53837]},"properties":{"cat":"shelter"}},{"type":"Feature","geometry":{"type":"Point","coordinates":[-73.77972,41.27418]},"properties":{"cat":"fire","name":"Yorktown Heights Engine Company Number 1"}},{"type":"Feature","geometry":{"type":"Point","coordinates":[-73.84531,42.15346]},"properties":{"cat":"shelter"}},{"type":"Feature","geometry":{"type":"Point","coordinates":[-73.79963,42.25455]},"properties":{"cat":"shelter"}},{"type":"Feature","geometry":{"type":"Point","coordinates":[-73.81673,41.29223]},"properties":{"cat":"shelter"}},{"type":"Feature","geometry":{"type":"Point","coordinates":[-73.81138,41.28183]},"properties":{"cat":"shelter"}},{"type":"Feature","geometry":{"type":"Point","coordinates":[-73.84369,41.52282]},"properties":{"cat":"shelter"}},{"type":"Feature","geometry":{"type":"Point","coordinates":[-73.78013,41.27596]},"properties":{"cat":"shelter"}},{"type":"Feature","geometry":{"type":"Point","coordinates":[-73.47392,42.30919]},"properties":{"cat":"fire","name":"Austerlitz Volunteer Fire Company"}},{"type":"Feature","geometry":{"type":"Point","coordinates":[-73.47419,42.30938]},"properties":{"cat":"shelter"}},{"type":"Feature","geometry":{"type":"Point","coordinates":[-73.7104,42.28066]},"properties":{"cat":"shelter","name":"Pavillion"}},{"type":"Feature","geometry":{"type":"Point","coordinates":[-73.67634,42.41182]},"properties":{"cat":"shelter"}},{"type":"Feature","geometry":{"type":"Point","coordinates":[-74.69045,41.37492]},"properties":{"cat":"fire","name":"Port Jervis Fire Department"}},{"type":"Feature","geometry":{"type":"Point","coordinates":[-74.68439,41.3596]},"properties":{"cat":"fire","name":"Tri-States Hose Company Number 6"}},{"type":"Feature","geometry":{"type":"Point","coordinates":[-74.11809,42.22636]},"properties":{"cat":"shelter"}},{"type":"Feature","geometry":{"type":"Point","coordinates":[-74.11628,42.22328]},"properties":{"cat":"shelter"}},{"type":"Feature","geometry":{"type":"Point","coordinates":[-73.80414,41.29114]},"properties":{"cat":"shelter"}},{"type":"Feature","geometry":{"type":"Point","coordinates":[-73.80448,41.29136]},"properties":{"cat":"shelter"}},{"type":"Feature","geometry":{"type":"Point","coordinates":[-74.1276,42.07579]},"properties":{"cat":"trailhead","name":"Meads Meadow Trailhead"}},{"type":"Feature","geometry":{"type":"Point","coordinates":[-73.65885,41.48084]},"properties":{"cat":"shelter"}},{"type":"Feature","geometry":{"type":"Point","coordinates":[-73.65872,41.48092]},"properties":{"cat":"shelter"}},{"type":"Feature","geometry":{"type":"Point","coordinates":[-73.98343,41.91783]},"properties":{"cat":"shelter"}},{"type":"Feature","geometry":{"type":"Point","coordinates":[-74.17613,41.55732]},"properties":{"cat":"shelter"}},{"type":"Feature","geometry":{"type":"Point","coordinates":[-74.17638,41.55722]},"properties":{"cat":"shelter"}},{"type":"Feature","geometry":{"type":"Point","coordinates":[-74.17632,41.55833]},"properties":{"cat":"shelter"}},{"type":"Feature","geometry":{"type":"Point","coordinates":[-74.1755,41.55918]},"properties":{"cat":"shelter"}},{"type":"Feature","geometry":{"type":"Point","coordinates":[-74.61206,41.2059]},"properties":{"cat":"fire","name":"Sussex Borough Fire Department"}},{"type":"Feature","geometry":{"type":"Point","coordinates":[-73.72834,41.9529]},"properties":{"cat":"shelter","name":"Pavilion C"}},{"type":"Feature","geometry":{"type":"Point","coordinates":[-73.72716,41.95326]},"properties":{"cat":"shelter","name":"Pavilion D"}},{"type":"Feature","geometry":{"type":"Point","coordinates":[-73.72335,41.95068]},"properties":{"cat":"shelter","name":"Pavilion B"}},{"type":"Feature","geometry":{"type":"Point","coordinates":[-73.72403,41.94935]},"properties":{"cat":"shelter","name":"Pavilion A"}},{"type":"Feature","geometry":{"type":"Point","coordinates":[-73.71894,42.17736]},"properties":{"cat":"fire","name":"Churchtown Firehouse"}},{"type":"Feature","geometry":{"type":"Point","coordinates":[-74.72034,41.21822]},"properties":{"cat":"shelter","name":"Sunrise Mountain Pavillon"}},{"type":"Feature","geometry":{"type":"Point","coordinates":[-73.93856,42.07121]},"properties":{"cat":"shelter"}},{"type":"Feature","geometry":{"type":"Point","coordinates":[-73.93181,42.07253]},"properties":{"cat":"shelter"}},{"type":"Feature","geometry":{"type":"Point","coordinates":[-73.93855,42.06943]},"properties":{"cat":"shelter"}},{"type":"Feature","geometry":{"type":"Point","coordinates":[-74.33718,42.30317]},"properties":{"cat":"shelter"}},{"type":"Feature","geometry":{"type":"Point","coordinates":[-73.90261,42.35132]},"properties":{"cat":"shelter"}},{"type":"Feature","geometry":{"type":"Point","coordinates":[-73.55936,41.80696]},"properties":{"cat":"fire","name":"Wassaic Fire Department"}},{"type":"Feature","geometry":{"type":"Point","coordinates":[-73.78432,41.2697]},"properties":{"cat":"shelter"}},{"type":"Feature","geometry":{"type":"Point","coordinates":[-74.529,41.93506]},"properties":{"cat":"trailhead","name":"Denning Road Trailhead"}},{"type":"Feature","geometry":{"type":"Point","coordinates":[-74.69022,41.37684]},"properties":{"cat":"shelter"}},{"type":"Feature","geometry":{"type":"Point","coordinates":[-73.76307,42.26745]},"properties":{"cat":"fire","name":"Greenport Pumper Co. No. 3"}},{"type":"Feature","geometry":{"type":"Point","coordinates":[-74.68738,41.37894]},"properties":{"cat":"shelter"}},{"type":"Feature","geometry":{"type":"Point","coordinates":[-73.93413,41.68109]},"properties":{"cat":"shelter","name":"Victorian Gazebo"}},{"type":"Feature","geometry":{"type":"Point","coordinates":[-73.93425,41.68648]},"properties":{"cat":"shelter","name":"Garden Gazebo"}},{"type":"Feature","geometry":{"type":"Point","coordinates":[-73.67057,41.97433]},"properties":{"cat":"shelter"}},{"type":"Feature","geometry":{"type":"Point","coordinates":[-73.65598,41.97936]},"properties":{"cat":"shelter"}},{"type":"Feature","geometry":{"type":"Point","coordinates":[-74.19005,42.02675]},"properties":{"cat":"fire","name":"Woodstock Fire Company 2"}},{"type":"Feature","geometry":{"type":"Point","coordinates":[-74.10014,41.99827]},"properties":{"cat":"fire","name":"West Hurley Fire Department"}},{"type":"Feature","geometry":{"type":"Point","coordinates":[-73.71892,42.08735]},"properties":{"cat":"shelter"}},{"type":"Feature","geometry":{"type":"Point","coordinates":[-73.72701,41.95274]},"properties":{"cat":"shelter"}},{"type":"Feature","geometry":{"type":"Point","coordinates":[-74.68758,41.37908]},"properties":{"cat":"fire","name":"Port Jervis Fire-Engine Co 1"}},{"type":"Feature","geometry":{"type":"Point","coordinates":[-73.98054,41.92646]},"properties":{"cat":"shelter"}},{"type":"Feature","geometry":{"type":"Point","coordinates":[-73.98369,41.92131]},"properties":{"cat":"shelter"}},{"type":"Feature","geometry":{"type":"Point","coordinates":[-73.78679,42.2565]},"properties":{"cat":"shelter"}},{"type":"Feature","geometry":{"type":"Point","coordinates":[-74.21137,41.92753]},"properties":{"cat":"shelter"}},{"type":"Feature","geometry":{"type":"Point","coordinates":[-74.27971,41.96835]},"properties":{"cat":"shelter"}},{"type":"Feature","geometry":{"type":"Point","coordinates":[-74.13899,42.00498]},"properties":{"cat":"fire","name":"Glenford Engine Company # 4"}},{"type":"Feature","geometry":{"type":"Point","coordinates":[-74.81145,42.3356]},"properties":{"cat":"fire","name":"Bloomville Fire Department"}},{"type":"Feature","geometry":{"type":"Point","coordinates":[-73.99774,41.95681]},"properties":{"cat":"shelter"}},{"type":"Feature","geometry":{"type":"Point","coordinates":[-74.01485,41.93325]},"properties":{"cat":"shelter"}},{"type":"Feature","geometry":{"type":"Point","coordinates":[-74.06614,41.92675]},"properties":{"cat":"shelter"}},{"type":"Feature","geometry":{"type":"Point","coordinates":[-73.99025,41.91071]},"properties":{"cat":"fire","name":"Hasbrouck Engine Company Number 1"}},{"type":"Feature","geometry":{"type":"Point","coordinates":[-73.96323,41.92753]},"properties":{"cat":"shelter"}},{"type":"Feature","geometry":{"type":"Point","coordinates":[-74.07697,41.93083]},"properties":{"cat":"shelter"}},{"type":"Feature","geometry":{"type":"Point","coordinates":[-74.0703,41.939]},"properties":{"cat":"shelter"}},{"type":"Feature","geometry":{"type":"Point","coordinates":[-73.97298,41.92906]},"properties":{"cat":"shelter"}},{"type":"Feature","geometry":{"type":"Point","coordinates":[-73.87054,41.16266]},"properties":{"cat":"shelter"}},{"type":"Feature","geometry":{"type":"Point","coordinates":[-73.71316,41.30332]},"properties":{"cat":"shelter"}},{"type":"Feature","geometry":{"type":"Point","coordinates":[-73.62301,41.41295]},"properties":{"cat":"shelter"}},{"type":"Feature","geometry":{"type":"Point","coordinates":[-74.3944,41.63675]},"properties":{"cat":"shelter"}},{"type":"Feature","geometry":{"type":"Point","coordinates":[-74.81931,41.2153]},"properties":{"cat":"shelter"}},{"type":"Feature","geometry":{"type":"Point","coordinates":[-74.45736,41.18063]},"properties":{"cat":"fire","name":"Highland Lakes Fire Department"}},{"type":"Feature","geometry":{"type":"Point","coordinates":[-74.48487,41.19705]},"properties":{"cat":"fire","name":"Vernon Township Fire Department"}},{"type":"Feature","geometry":{"type":"Point","coordinates":[-74.53986,41.17852]},"properties":{"cat":"fire","name":"McAfee Fire Department"}},{"type":"Feature","geometry":{"type":"Point","coordinates":[-74.55099,41.21345]},"properties":{"cat":"fire","name":"Pochuck Valley Fire Department"}},{"type":"Feature","geometry":{"type":"Point","coordinates":[-74.49682,41.25555]},"properties":{"cat":"shelter"}},{"type":"Feature","geometry":{"type":"Point","coordinates":[-73.76783,41.26]},"properties":{"cat":"shelter"}},{"type":"Feature","geometry":{"type":"Point","coordinates":[-74.00274,41.44539]},"properties":{"cat":"shelter"}},{"type":"Feature","geometry":{"type":"Point","coordinates":[-74.02732,41.44032]},"properties":{"cat":"shelter"}},{"type":"Feature","geometry":{"type":"Point","coordinates":[-74.01931,42.17376]},"properties":{"cat":"fire","name":"Palenville Fire Department"}},{"type":"Feature","geometry":{"type":"Point","coordinates":[-74.10552,42.19579]},"properties":{"cat":"fire","name":"Haines Falls Fire Department"}},{"type":"Feature","geometry":{"type":"Point","coordinates":[-73.79422,41.8042]},"properties":{"cat":"fire","name":"Salt Point Fire Company"}},{"type":"Feature","geometry":{"type":"Point","coordinates":[-73.425,41.87031]},"properties":{"cat":"shelter"}},{"type":"Feature","geometry":{"type":"Point","coordinates":[-74.59895,41.39289]},"properties":{"cat":"trailhead"}},{"type":"Feature","geometry":{"type":"Point","coordinates":[-74.11208,41.96318]},"properties":{"cat":"shelter"}},{"type":"Feature","geometry":{"type":"Point","coordinates":[-74.26938,42.02808]},"properties":{"cat":"shelter"}},{"type":"Feature","geometry":{"type":"Point","coordinates":[-73.88363,41.53404]},"properties":{"cat":"shelter"}},{"type":"Feature","geometry":{"type":"Point","coordinates":[-73.88537,41.53242]},"properties":{"cat":"shelter"}},{"type":"Feature","geometry":{"type":"Point","coordinates":[-73.74801,42.28787]},"properties":{"cat":"fire","name":"Stottville Volunteer Fire Company No. 2"}},{"type":"Feature","geometry":{"type":"Point","coordinates":[-74.47282,42.12457]},"properties":{"cat":"shelter"}},{"type":"Feature","geometry":{"type":"Point","coordinates":[-74.47307,42.12467]},"properties":{"cat":"shelter"}},{"type":"Feature","geometry":{"type":"Point","coordinates":[-73.58644,41.3277]},"properties":{"cat":"fire","name":"North Salem Fire Station"}},{"type":"Feature","geometry":{"type":"Point","coordinates":[-73.55455,41.31289]},"properties":{"cat":"shelter"}},{"type":"Feature","geometry":{"type":"Point","coordinates":[-73.55435,41.31272]},"properties":{"cat":"shelter"}},{"type":"Feature","geometry":{"type":"Point","coordinates":[-73.84405,41.52275]},"properties":{"cat":"fire","name":"Wiccopee Fire Company"}},{"type":"Feature","geometry":{"type":"Point","coordinates":[-74.00054,41.44383]},"properties":{"cat":"shelter"}},{"type":"Feature","geometry":{"type":"Point","coordinates":[-73.68504,41.25538]},"properties":{"cat":"fire","name":"Katonah Fire Department"}},{"type":"Feature","geometry":{"type":"Point","coordinates":[-74.01186,41.41422]},"properties":{"cat":"shelter"}},{"type":"Feature","geometry":{"type":"Point","coordinates":[-74.23716,41.52638]},"properties":{"cat":"shelter"}},{"type":"Feature","geometry":{"type":"Point","coordinates":[-74.00337,41.44342]},"properties":{"cat":"shelter"}},{"type":"Feature","geometry":{"type":"Point","coordinates":[-74.23176,41.97432]},"properties":{"cat":"shelter"}},{"type":"Feature","geometry":{"type":"Point","coordinates":[-73.73007,42.35634]},"properties":{"cat":"fire","name":"Stuyvesant Falls Fire Department"}},{"type":"Feature","geometry":{"type":"Point","coordinates":[-73.5181,42.18472]},"properties":{"cat":"fire","name":"Hillsdale Fire Company"}},{"type":"Feature","geometry":{"type":"Point","coordinates":[-73.85572,42.21378]},"properties":{"cat":"shelter"}},{"type":"Feature","geometry":{"type":"Point","coordinates":[-73.85533,42.21361]},"properties":{"cat":"shelter"}},{"type":"Feature","geometry":{"type":"Point","coordinates":[-74.18597,41.73204]},"properties":{"cat":"shelter","name":"Pavilion"}},{"type":"Feature","geometry":{"type":"Point","coordinates":[-73.85905,41.21885]},"properties":{"cat":"shelter"}},{"type":"Feature","geometry":{"type":"Point","coordinates":[-74.02024,42.26811]},"properties":{"cat":"shelter"}},{"type":"Feature","geometry":{"type":"Point","coordinates":[-74.37527,41.63212]},"properties":{"cat":"fire","name":"Walker Valley Fire Company"}},{"type":"Feature","geometry":{"type":"Point","coordinates":[-73.73474,41.37309]},"properties":{"cat":"shelter"}},{"type":"Feature","geometry":{"type":"Point","coordinates":[-73.72624,41.37627]},"properties":{"cat":"fire"}},{"type":"Feature","geometry":{"type":"Point","coordinates":[-73.96791,41.39767]},"properties":{"cat":"fire"}},{"type":"Feature","geometry":{"type":"Point","coordinates":[-73.97828,41.38404]},"properties":{"cat":"fire"}},{"type":"Feature","geometry":{"type":"Point","coordinates":[-74.44578,41.55719]},"properties":{"cat":"fire","name":"Bloomingburg Joint Fire District"}},{"type":"Feature","geometry":{"type":"Point","coordinates":[-73.93549,41.26114]},"properties":{"cat":"fire","name":"Buchanan Fire Department"}},{"type":"Feature","geometry":{"type":"Point","coordinates":[-73.66337,41.38397]},"properties":{"cat":"hospital","name":"Putnam Hospital"}},{"type":"Feature","geometry":{"type":"Point","coordinates":[-73.59912,41.25018]},"properties":{"cat":"shelter","name":"Lean-To Campsite #2"}},{"type":"Feature","geometry":{"type":"Point","coordinates":[-73.59891,41.2496]},"properties":{"cat":"shelter","name":"Lean-To Campsite #4"}},{"type":"Feature","geometry":{"type":"Point","coordinates":[-73.60015,41.25019]},"properties":{"cat":"shelter","name":"Lean-To Campsite #1"}},{"type":"Feature","geometry":{"type":"Point","coordinates":[-73.5961,41.24464]},"properties":{"cat":"shelter","name":"Shelter #8;Lean-To Campsite #8"}},{"type":"Feature","geometry":{"type":"Point","coordinates":[-73.58529,41.2555]},"properties":{"cat":"shelter","name":"Lean-to Shelter #15"}},{"type":"Feature","geometry":{"type":"Point","coordinates":[-73.58023,41.25226]},"properties":{"cat":"shelter","name":"Lean-to Shelter #26"}},{"type":"Feature","geometry":{"type":"Point","coordinates":[-73.58014,41.25047]},"properties":{"cat":"shelter","name":"Lean-to Shelter #29"}},{"type":"Feature","geometry":{"type":"Point","coordinates":[-73.57979,41.25177]},"properties":{"cat":"shelter","name":"Lean-to Shelter #27"}},{"type":"Feature","geometry":{"type":"Point","coordinates":[-73.58192,41.25262]},"properties":{"cat":"shelter","name":"Lean-to Shelter #24"}},{"type":"Feature","geometry":{"type":"Point","coordinates":[-73.58111,41.25301]},"properties":{"cat":"shelter","name":"Lean-to Shelter #25."}},{"type":"Feature","geometry":{"type":"Point","coordinates":[-73.58271,41.25252]},"properties":{"cat":"shelter","name":"Lean-to Shelter #23"}},{"type":"Feature","geometry":{"type":"Point","coordinates":[-73.58397,41.25282]},"properties":{"cat":"shelter","name":"Lean-to Shelter #19"}},{"type":"Feature","geometry":{"type":"Point","coordinates":[-73.58399,41.25374]},"properties":{"cat":"shelter","name":"Lean-to Shelter #20"}},{"type":"Feature","geometry":{"type":"Point","coordinates":[-73.5845,41.25381]},"properties":{"cat":"shelter","name":"Lean-to Shelter #18"}},{"type":"Feature","geometry":{"type":"Point","coordinates":[-73.58484,41.25433]},"properties":{"cat":"shelter","name":"Lean-to Shelter #17"}},{"type":"Feature","geometry":{"type":"Point","coordinates":[-73.58518,41.25492]},"properties":{"cat":"shelter","name":"Lean-to Shelter #16"}},{"type":"Feature","geometry":{"type":"Point","coordinates":[-73.58517,41.25616]},"properties":{"cat":"shelter","name":"Lean to 14"}},{"type":"Feature","geometry":{"type":"Point","coordinates":[-73.58508,41.25673]},"properties":{"cat":"shelter","name":"Lean To 13"}},{"type":"Feature","geometry":{"type":"Point","coordinates":[-73.7177,41.31281]},"properties":{"cat":"fire","name":"Somers Fire House"}},{"type":"Feature","geometry":{"type":"Point","coordinates":[-73.85857,41.31911]},"properties":{"cat":"fire","name":"Mohegan Volunteer Fire Association."}},{"type":"Feature","geometry":{"type":"Point","coordinates":[-73.91026,41.29256]},"properties":{"cat":"fire","name":"Peekskill Community Fire and Volunteer Ambulance Corps"}},{"type":"Feature","geometry":{"type":"Point","coordinates":[-73.96149,41.25485]},"properties":{"cat":"fire","name":"Verplanck Fire District"}},{"type":"Feature","geometry":{"type":"Point","coordinates":[-73.93273,41.25228]},"properties":{"cat":"shelter"}},{"type":"Feature","geometry":{"type":"Point","coordinates":[-73.733,41.19673]},"properties":{"cat":"fire","name":"Independent Fire Company of Mount Kisco"}},{"type":"Feature","geometry":{"type":"Point","coordinates":[-73.72591,41.19686]},"properties":{"cat":"hospital","name":"Northern Westchester Hospital"}},{"type":"Feature","geometry":{"type":"Point","coordinates":[-73.91721,41.61363]},"properties":{"cat":"fire","name":"New Hamburg Fire District Station 2"}},{"type":"Feature","geometry":{"type":"Point","coordinates":[-73.91404,41.52834]},"properties":{"cat":"fire","name":"Rombout Fire Company"}},{"type":"Feature","geometry":{"type":"Point","coordinates":[-73.70857,41.20228]},"properties":{"cat":"shelter"}},{"type":"Feature","geometry":{"type":"Point","coordinates":[-74.81177,41.32762]},"properties":{"cat":"shelter"}},{"type":"Feature","geometry":{"type":"Point","coordinates":[-74.24583,41.52554]},"properties":{"cat":"shelter"}},{"type":"Feature","geometry":{"type":"Point","coordinates":[-74.08027,42.31217]},"properties":{"cat":"shelter"}},{"type":"Feature","geometry":{"type":"Point","coordinates":[-73.87333,41.54383]},"properties":{"cat":"fire","name":"Rombout Fire District Station 2"}},{"type":"Feature","geometry":{"type":"Point","coordinates":[-73.93355,41.28376]},"properties":{"cat":"shelter"}},{"type":"Feature","geometry":{"type":"Point","coordinates":[-73.93141,41.29023]},"properties":{"cat":"shelter"}},{"type":"Feature","geometry":{"type":"Point","coordinates":[-74.1193,41.29664]},"properties":{"cat":"shelter"}},{"type":"Feature","geometry":{"type":"Point","coordinates":[-73.92872,41.24156]},"properties":{"cat":"shelter"}},{"type":"Feature","geometry":{"type":"Point","coordinates":[-73.92868,41.24228]},"properties":{"cat":"shelter"}},{"type":"Feature","geometry":{"type":"Point","coordinates":[-73.9371,41.28126]},"properties":{"cat":"shelter"}},{"type":"Feature","geometry":{"type":"Point","coordinates":[-74.52068,41.97606]},"properties":{"cat":"fire","name":"Claryville Fire Department - West Branch Station"}},{"type":"Feature","geometry":{"type":"Point","coordinates":[-74.59744,41.6303]},"properties":{"cat":"fire","name":"Rock Hill Fire Department"}},{"type":"Feature","geometry":{"type":"Point","coordinates":[-73.36002,41.94414]},"properties":{"cat":"fire","name":"Falls Village Volunteer Fire Department"}},{"type":"Feature","geometry":{"type":"Point","coordinates":[-73.65667,41.34363]},"properties":{"cat":"fire","name":"Croton Falls Volunteer Fire Department"}},{"type":"Feature","geometry":{"type":"Point","coordinates":[-73.40975,41.58176]},"properties":{"cat":"hospital","name":"New Milford Hospital"}},{"type":"Feature","geometry":{"type":"Point","coordinates":[-73.59953,41.2497]},"properties":{"cat":"shelter","name":"Lean-To Campsite #3"}},{"type":"Feature","geometry":{"type":"Point","coordinates":[-73.88011,42.21321]},"properties":{"cat":"fire","name":"Catskill Fire Company"}},{"type":"Feature","geometry":{"type":"Point","coordinates":[-74.56473,42.28525]},"properties":{"cat":"fire","name":"Roxbury Volunteer Fire Company"}},{"type":"Feature","geometry":{"type":"Point","coordinates":[-74.49612,42.3623]},"properties":{"cat":"fire","name":"Grand Gorge Fire Department"}},{"type":"Feature","geometry":{"type":"Point","coordinates":[-74.08173,41.75482]},"properties":{"cat":"shelter"}},{"type":"Feature","geometry":{"type":"Point","coordinates":[-73.86552,41.15101]},"properties":{"cat":"fire","name":"Ossining Fire Department Holla Hose Company #5"}},{"type":"Feature","geometry":{"type":"Point","coordinates":[-74.20022,41.92797]},"properties":{"cat":"shelter","name":"Gazebo"}},{"type":"Feature","geometry":{"type":"Point","coordinates":[-73.73253,41.18985]},"properties":{"cat":"shelter"}},{"type":"Feature","geometry":{"type":"Point","coordinates":[-73.50181,42.36151]},"properties":{"cat":"fire","name":"Red Rock Volunteer Fire Company"}},{"type":"Feature","geometry":{"type":"Point","coordinates":[-73.79786,41.18272]},"properties":{"cat":"shelter"}},{"type":"Feature","geometry":{"type":"Point","coordinates":[-73.79313,41.1864]},"properties":{"cat":"shelter"}},{"type":"Feature","geometry":{"type":"Point","coordinates":[-74.79519,41.20031]},"properties":{"cat":"shelter","name":"L028"}},{"type":"Feature","geometry":{"type":"Point","coordinates":[-74.79435,41.19966]},"properties":{"cat":"shelter","name":"L020"}},{"type":"Feature","geometry":{"type":"Point","coordinates":[-74.79394,41.19976]},"properties":{"cat":"shelter","name":"L021"}},{"type":"Feature","geometry":{"type":"Point","coordinates":[-74.79368,41.20005]},"properties":{"cat":"shelter","name":"L022"}},{"type":"Feature","geometry":{"type":"Point","coordinates":[-74.79345,41.20025]},"properties":{"cat":"shelter","name":"L023"}},{"type":"Feature","geometry":{"type":"Point","coordinates":[-74.794,41.20037]},"properties":{"cat":"shelter","name":"L024"}},{"type":"Feature","geometry":{"type":"Point","coordinates":[-74.79375,41.20071]},"properties":{"cat":"shelter","name":"L025"}},{"type":"Feature","geometry":{"type":"Point","coordinates":[-74.79393,41.20107]},"properties":{"cat":"shelter","name":"L026"}},{"type":"Feature","geometry":{"type":"Point","coordinates":[-74.79433,41.20122]},"properties":{"cat":"shelter","name":"L027"}},{"type":"Feature","geometry":{"type":"Point","coordinates":[-73.53199,41.38735]},"properties":{"cat":"hospital"}},{"type":"Feature","geometry":{"type":"Point","coordinates":[-74.2707,42.12072]},"properties":{"cat":"fire","name":"HD Lane Fire Company"}},{"type":"Feature","geometry":{"type":"Point","coordinates":[-73.94302,41.36721]},"properties":{"cat":"shelter","name":"Gazebo"}},{"type":"Feature","geometry":{"type":"Point","coordinates":[-73.94178,41.36077]},"properties":{"cat":"shelter","name":"Gazebo"}},{"type":"Feature","geometry":{"type":"Point","coordinates":[-73.95322,41.37027]},"properties":{"cat":"shelter","name":"Gazebo"}},{"type":"Feature","geometry":{"type":"Point","coordinates":[-73.86776,41.84855]},"properties":{"cat":"fire","name":"West Clinton Fire District"}},{"type":"Feature","geometry":{"type":"Point","coordinates":[-74.05415,41.4559]},"properties":{"cat":"fire","name":"Vails Gate Fire Department"}},{"type":"Feature","geometry":{"type":"Point","coordinates":[-74.05352,41.4562]},"properties":{"cat":"fire"}},{"type":"Feature","geometry":{"type":"Point","coordinates":[-74.26468,42.14981]},"properties":{"cat":"trailhead","name":"Diamond Notch Trailhead"}},{"type":"Feature","geometry":{"type":"Point","coordinates":[-74.66976,41.30876]},"properties":{"cat":"shelter"}},{"type":"Feature","geometry":{"type":"Point","coordinates":[-74.67028,41.30801]},"properties":{"cat":"shelter"}},{"type":"Feature","geometry":{"type":"Point","coordinates":[-74.66895,41.31142]},"properties":{"cat":"shelter"}},{"type":"Feature","geometry":{"type":"Point","coordinates":[-74.51533,41.27122]},"properties":{"cat":"shelter","name":"Pochuck Mountain Shelter"}},{"type":"Feature","geometry":{"type":"Point","coordinates":[-74.65732,41.31575]},"properties":{"cat":"shelter","name":"High Point Shelter"}},{"type":"Feature","geometry":{"type":"Point","coordinates":[-74.00435,41.91102]},"properties":{"cat":"shelter"}},{"type":"Feature","geometry":{"type":"Point","coordinates":[-74.08617,41.82273]},"properties":{"cat":"shelter"}},{"type":"Feature","geometry":{"type":"Point","coordinates":[-74.26282,41.99371]},"properties":{"cat":"fire","name":"Olive Fire Company #5"}},{"type":"Feature","geometry":{"type":"Point","coordinates":[-74.07677,42.01617]},"properties":{"cat":"fire","name":"Woodstock Fire Company 4"}},{"type":"Feature","geometry":{"type":"Point","coordinates":[-74.09322,41.97957]},"properties":{"cat":"trailhead","name":"Rock Oak Preserve Trailhead"}},{"type":"Feature","geometry":{"type":"Point","coordinates":[-74.57675,41.62289]},"properties":{"cat":"shelter"}},{"type":"Feature","geometry":{"type":"Point","coordinates":[-74.04208,41.43529]},"properties":{"cat":"hospital","name":"Montefiore Saint Luke's Cornwall Hospital"}},{"type":"Feature","geometry":{"type":"Point","coordinates":[-73.79696,41.40884]},"properties":{"cat":"shelter"}},{"type":"Feature","geometry":{"type":"Point","coordinates":[-74.45129,41.62351]},"properties":{"cat":"fire","name":"Summitville Fire District"}},{"type":"Feature","geometry":{"type":"Point","coordinates":[-74.59222,41.46442]},"properties":{"cat":"fire","name":"Cuddebackville Fire District"}},{"type":"Feature","geometry":{"type":"Point","coordinates":[-74.83878,41.67436]},"properties":{"cat":"fire","name":"White Lake Fire Company"}},{"type":"Feature","geometry":{"type":"Point","coordinates":[-74.11349,41.26833]},"properties":{"cat":"shelter"}},{"type":"Feature","geometry":{"type":"Point","coordinates":[-74.07795,41.30035]},"properties":{"cat":"shelter","name":"Stockbridge Shelter"}},{"type":"Feature","geometry":{"type":"Point","coordinates":[-73.80319,41.61553]},"properties":{"cat":"fire","name":"Hillside Lake Fire Company Number 3"}},{"type":"Feature","geometry":{"type":"Point","coordinates":[-73.76909,42.13806]},"properties":{"cat":"shelter"}},{"type":"Feature","geometry":{"type":"Point","coordinates":[-74.20185,41.92664]},"properties":{"cat":"shelter"}},{"type":"Feature","geometry":{"type":"Point","coordinates":[-74.20207,41.92631]},"properties":{"cat":"shelter"}},{"type":"Feature","geometry":{"type":"Point","coordinates":[-73.82789,41.75066]},"properties":{"cat":"shelter"}},{"type":"Feature","geometry":{"type":"Point","coordinates":[-73.84382,41.72093]},"properties":{"cat":"shelter"}},{"type":"Feature","geometry":{"type":"Point","coordinates":[-73.85245,41.75248]},"properties":{"cat":"shelter"}},{"type":"Feature","geometry":{"type":"Point","coordinates":[-73.92909,41.71081]},"properties":{"cat":"shelter","name":"East Gate Plaza"}}]}